#EASTERN RELIGIONS STUFF ;;;;;;;;;;;;;;x
visited_buddhist_temple;Recently Visited a Buddhist Temple;Visite récente d'un temple bouddhiste;;;;;;;;;;;;x
compassionate_loving_kindness_buddhist;Full of Compassion and Loving-Kindness;Plein de compassion et bonté;;;;;;;;;;;;x
compassionate_loving_kindness_buddhist_desc;This Buddhist ruler is known for his or her kindness, an important virtue in Buddhism.;Ce souverain bouddhiste est connu pour sa bonté, une vertu importante dans le Bouddhisme.;;;;;;;;;;;;x
not_compassionate_loving_kindness_buddhist;Has no Compassion and Loving-Kindness;N'a aucune compassion et bonté;;;;;;;;;;;;x
not_compassionate_loving_kindness_buddhist_desc;This Buddhist ruler is known for his or her lack of kindness, an important virtue in Buddhism.;Ce souverain bouddhiste est connu pour son manque de gentillesse, une vertu importante dans le Bouddhisme.;;;;;;;;;;;;x
buddhist_temperance;Buddhist Moderation;Modération bouddhiste;;;;;;;;;;;;x
buddhist_temperance_desc;This Buddhist ruler is temperate in his or her wants and needs, an important virtue in Buddhism.;Ce souverain bouddhiste est tempéré dans ce qu'il veut et ses besoins, une vertu importante dans le Bouddhisme.;;;;;;;;;;;;x
buddhist_gluttony;Lack of Moderation;Manque de modération;;;;;;;;;;;;x
buddhist_gluttony_desc;This Buddhist ruler constantly desires and craves luxurious things, a vice in Buddhism. ;Ce souverain bouddhiste désire constamment des choses luxueuses, un vice dans le Bouddhisme.;;;;;;;;;;;;x
buddhist_zeal;Zealous Buddhist;Bouddhiste zélé;;;;;;;;;;;;x
buddhist_zeal_desc;Zealous Buddhists try to comply with the Buddhist virtues, the Brahmavihara - loving-kindness, compassion, joy in others' happiness, and equanimity.;Les bouddhistes zélés essaient de se conformer aux vertus bouddhistes, le Brahmavihara - la bonté, la compassion, la joie dans le bonheur des autres et l'équanimité.;;;;;;;;;;;;x
buddhist_cynicism;Cynical Buddhist;Bouddhiste cynique;;;;;;;;;;;;x
buddhist_cynicism_desc;Cynicism about religious affairs is not necessarily disapproved by all Buddhists. The Buddha himself argued that one must approach all teachings with a skeptical mind, and many Buddhist masters wholly disapproved of the religious aspects of their traditions.;Le cynisme sur les affaires religieuses n'est pas nécessairement désapprouvé par tous les bouddhistes. Le Bouddha lui-même a soutenu qu'il fallait aborder tous les enseignements avec un esprit sceptique, et de nombreux maîtres bouddhistes ont totalement désapprouvé les aspects religieux de leurs traditions.;;;;;;;;;;;;x
buddhist.1.desc;To show your devotion to the Dharma and Sangha, or the Buddhist doctrine and community, respectively, you’ve decided to visit one of the major temples in your region. Entering the temple, you observe various routines, such as lighting incense, saying prayers, and engaging in a bit of meditation.;Pour montrer votre dévouement au Dharma et à la Sangha, ou à la doctrine et à la communauté bouddhiste, vous avez décidé de visiter l'un des principaux temples de votre région. En entrant dans le temple, vous observez diverses routines, comme l'encens de l'éclairage, les prières et la méditation.;;;;;;;;;;;;x
buddhist.1.a;Hopefully, I’ll cultivate good merit for this!;J'espère que je cultiverai un bon mérite pour cela !;;;;;;;;;;;;x
buddhist.12.desc;Your devotion to the Middle Way has earned you much praise and respect throughout the world. Buddhists around the world are proclaiming you a so-called “Dharma-King,” a protector and propagator of the Buddhist faith and a devout and compassionate practitioner who has dedicated [Root.GetHerHis] life for the benefit of all sentient beings. Whether you can continue upholding such ideals is another matter, but what is certain is that you will forever live on in the annals of history as one of the great Buddhist lords, akin to the noble monarchs of old such as Ashoka or Menander.;Votre dévouement envers la voie du milieu vous a valu beaucoup d'éloges et de respect dans le monde entier. Les bouddhistes du monde entier vous proclament le "Roi-Dharma", un protecteur et propagateur de la foi bouddhiste et un pratiquant dévot et compatissant qui a dédié sa vie au bénéfice de tous les êtres. Que vous puissiez continuer à défendre de tels idéaux est une autre question, mais ce qui est certain, c'est que vous allez vivre dans les annales de l'histoire comme l'un des grands seigneurs bouddhistes, semblables aux nobles monarques anciens, comme Ashoka ou Menander.;;;;;;;;;;;;x
buddhist.12.name;The Dharma King;Le Roi-Dharma;;;;;;;;;;;;x
buddhist.12.a;I will do my best to protect the Buddha, Dharma, and Sangha.;Je ferai de mon mieux pour protéger le Bouddha, le Dharma et la Sangha.;;;;;;;;;;;;x
aggressive_buddhist;Aggressive Buddhist;Bouddhiste agressif;;;;;;;;;;;;x
aggressive_buddhist_desc;This ruler is engaged in a war of aggression, which may upset some of his or her Buddhist subjects.;Ce souverain s'engage dans une guerre d'agression qui peut bouleverser certains de ses sujets bouddhistes.;;;;;;;;;;;;x
nick_dharma_king;the Dharma King;Le Roi-Dharma;;;;;;;;;;;;x
title_saintly_monk;Saintly Monk;Saint Moine;;;;;;;;;;;;x
title_saintly_monk_desc;"Saintly Monk" is a title given to a Buddhist Bhikkhu, or Monk, in recognition of his immense wisdom and great compassion.;"Saint Moine" est un titre donné à un bouddhiste Bhikkhu, ou un Moine, en reconnaissance de son immense sagesse et de sa grande compassion.;;;;;;;;;;;;x
title_saintly_nun;Saintly Nun;Sainte Nonne;;;;;;;;;;;;x
title_saintly_nun_desc;"Saintly Nun" is a title given to a Buddhist Bhikkhuni, or Nun, in recognition of her immense wisdom and great compassion.;"Sainte Nonne" est un titre donné à un bouddhiste Bhikkhuni, ou une Nonne, en reconnaissance de son immense sagesse et de sa grande compassion.;;;;;;;;;;;;x
#Dedicating Holy Site ;;;;;;;;;;;;;;x
building_buddhist_holy_site;Currently Building a Buddhist Holy Site;Construction en cours d'un site sacré Bouddhiste;;;;;;;;;;;;x
built_buddhist_stupa;Built a Stupa;Construire un Stupa;;;;;;;;;;;;x
built_buddhist_temple;Built a Temple;Construire un temple;;;;;;;;;;;;x
built_buddhist_monastery;Built a Monastery;Construire un monastère;;;;;;;;;;;;x
visit_buddhist_temple;Visit a Buddhist Temple;Visiter un temple Bouddhiste;;;;;;;;;;;;x
visit_buddhist_temple_desc;Pay a visit to one of the local, powerful temples of your realm.;Visitez l'un des temples locaux de votre royaume.;;;;;;;;;;;;x
#visited_buddhist_temple;Recently Visited a Temple;A visité récemment un temple;;;;;;;;;;;;x
visited_buddhist_temple_desc;This Buddhist ruler recently visited a Buddhist temple, where he/she participated in various religious practices.;Ce souverain bouddhiste a récemment visité un temple bouddhiste où il a participé à diverses pratiques religieuses.;;;;;;;;;;;;x
dedicate_holy_site;Dedicate a Buddhist Holy Site;Dédier un site sacré Bouddhiste;;;;;;;;;;;;x
dedicate_holy_site_desc;Initiate construction of either a Stupa, Temple, or Monastery in order to bring yourself much karmic merit.;Initiez la construction d'un Stupa, d'un temple ou d'un monastère afin de vous apporter beaucoup de mérite karmique.;;;;;;;;;;;;x
buddhist.13.desc;In the past, Buddhist lords have often erected stupas, temples, or monasteries in order to help all sentient beings and increase their own merit. I will do likewise. Having gathered all the necessary resources and men, I will order the construction of a...;Dans le passé, les seigneurs bouddhistes ont souvent érigé des stupas, des temples ou des monastères afin d'aider tous les êtres et d'augmenter leur propre mérite. Je ferai de même. Après avoir recueilli toutes les ressources et les hommes nécessaires, je vais commander la construction d'un ...;;;;;;;;;;;;x
buddhist.13.a;Stupa;Stupa;;;;;;;;;;;;x
buddhist.13.b;Temple;Temple;;;;;;;;;;;;x
buddhist.13.c;Monastery;Monastère;;;;;;;;;;;;x
buddhist.14.desc;A stupa is often used to house the blessed relics of a great monk or spiritual teacher. The monks have identified the relics of one such holy man who once lived nearby, and his relics will be stored in this stupa.;Un stupa est souvent utilisé pour loger les reliques bénies d'un grand moine ou d'un professeur spirituel. Les moines ont identifié les reliques d'un tel saint homme qui habitait à proximité, et ses reliques seront stockées dans ce stupa.;;;;;;;;;;;;x
buddhist.14.a;Now, we simply wait for construction to finish.;Maintenant, nous attendons simplement la fin de la construction.;;;;;;;;;;;;x
buddhist.15.tooltip;Construction of the stupa begins;La construction de la stupa commence;;;;;;;;;;;;x
buddhist.15.desc;My stupa has finished construction! It is most auspicious that the holy relics can be stored in a good place like this in my own realm. I am glad to have been able to dedicate this stupa.;Mon stupa a fini sa construction ! Il est propice que les reliques saintes puissent être stockées dans un bon endroit comme celui-ci dans mon propre domaine. Je suis heureux d'avoir pu dédier ce stupa.;;;;;;;;;;;;x
buddhist.15.a;I certainly gained a lot of karmic merit for this, too.;J'ai également gagné beaucoup de mérite karma pour cela.;;;;;;;;;;;;x
buddhist.16.desc;Buddhist temples are important to ensure that monastics and laypeople alike can continue practicing the Dharma and cultivate merit. I have found an excellent location for a new temple, and construction has just begun.;Les temples bouddhistes sont importants pour s'assurer que les monastiques et les laïcs peuvent continuer à pratiquer le Dharma et cultiver le mérite. J'ai trouvé un excellent emplacement pour un nouveau temple, et la construction vient de commencer.;;;;;;;;;;;;x
buddhist.16.a;We must now wait for it to be completed.;Nous devons maintenant attendre qu'il soit terminé.;;;;;;;;;;;;x
buddhist.17.tooltip;Construction of the temple begins;La construction du temple commence;;;;;;;;;;;;x
buddhist.17.desc;My temple has finally finished construction. How inspiring it is to see the Buddha statue that adorns the main hall! Many will benefit from this temple, which will serve as a spiritual center for the local monks and laypeople.;La construction de mon temple est finalement terminé. Quelle inspiration que devoir la statue de Bouddha qui orne la salle principale ! Beaucoup bénéficieront de ce temple, qui servira de centre spirituel pour les moines et les laïcs locaux.;;;;;;;;;;;;x
buddhist.17.a;I certainly gained a lot of karmic merit for this, too.;J'ai également gagné beaucoup de mérite karma pour cela.;;;;;;;;;;;;x
buddhist.18.desc;Monasteries are necessary to develop the intellectual and spiritual capabilities of Buddhist monks and nuns. I have located a good site for a new monastery. Soon, this place will be filled with the chanting and reciting of prayers!;Les monastères sont nécessaires pour développer les capacités intellectuelles et spirituelles des moines et des religieuses bouddhistes. J'ai trouvé un bon site pour un nouveau monastère. Bientôt, ce lieu sera rempli avec le chant et la récitation des prières !;;;;;;;;;;;;x
buddhist.18.a;Until then, we must wait.;Jusqu'à ce jour, nous devons attendre.;;;;;;;;;;;;x
buddhist.19.tooltip;Construction of the monastery begins;La construction du monastère commence;;;;;;;;;;;;x
buddhist.19.desc;My monastery has finally finished construction. Already, monks and nuns are taking residence within its walls, and they will be able to provide for the spiritual needs of the community.;La construction de mon monastère est finalement terminé. Déjà, les moines et les religieuses prennent leur résidence dans les murs, et ils pourront répondre aux besoins spirituels de la communauté.;;;;;;;;;;;;x
buddhist.19.a;I certainly gained a lot of karmic merit for this, too.;J'ai également gagné beaucoup de mérite karma pour cela.;;;;;;;;;;;;x
#Nicknames ;;;;;;;;;;;;;;x
nick_the_animal_protector;the Animal Protector;le Protecteur des animaux;;;;;;;;;;;;x
nick_the_awakened;the Awakened;l'Éveillé;;;;;;;;;;;;x
nick_the_realized;the Realized;le Réalisé;;;;;;;;;;;;x
nick_the_deluded;the Deluded;l'Illusionné;;;;;;;;;;;;x
nick_the_ever_craving;the Ever-Craving;le Toujours-Envie;;;;;;;;;;;;x
nick_the_anger_filled;the Anger-Filled;le Rempli de colère;;;;;;;;;;;;x
nick_the_sage;the Sage;le Sage;;;;;;;;;;;;x
#Vegetarianism ;;;;;;;;;;;;;;x
vegetarian;Vegetarian;Végétarien;;;;;;;;;;;;x
vegetarian_desc;Due to his or her moral beliefs, this character refrains from eating meats of any sort, be it beef, pork, chicken, fish, and so on.;En raison de ses croyances morales, ce personnage s'abstient de manger de la viande de toute sorte, qu'il s'agisse de bœuf, de porc, de poulet, de poisson, etc.;;;;;;;;;;;;x
become_a_vegetarian;Become a Vegetarian;Devenir végétarien;;;;;;;;;;;;x
become_a_vegetarian_desc;Perhaps it is time to refrain from eating meat and gain great merit.;Peut-être est-il temps de s'abstenir de manger de la viande et d'obtenir un grand mérite.;;;;;;;;;;;;x
vegetarian.1.desc;We are taught by [Root.Religion.GetRandomGodName] to be compassionate and to love all sentient beings, yet I eat meat every day. Can I truly call myself a true follower of the [Root.Religion.GetName] faith if I continue to participate in this wanton murder of innocent animals? Starting now, I will refrain from eating meat, and become a vegetarian.;Nous enseignons à [Root.Religion.GetRandomGodName] d'être compatissant et d'aimer tous les êtres sensibles, mais je mange de la viande tous les jours. Puis-je vraiment être un véritable adepte de la foi [Root.Religion.GetName] si je continue de participer à ce meurtre impitoyable d'animaux innocents ? À partir de maintenant, je m'abstiendrai de manger de la viande et deviendrai végétarien.;;;;;;;;;;;;x
vegetarian.1.a;For all sentient beings!;Pour tous les êtres vivants !;;;;;;;;;;;;x
vegetarian.2.desc;I am no longer a follower of a faith that advocates a vegetarian diet. My public practice of vegetarianism is thus no longer necessary.;Je ne suis plus un adepte d'une foi qui préconise un régime végétarien. Ma pratique publique du végétarisme n'est donc plus nécessaire.;;;;;;;;;;;;x
vegetarian.2.a;So be it.;Ainsi soit-il.;;;;;;;;;;;;x
vegetarian.3.desc;All monks must vow to abstain from eating meat.;Tous les moines doivent s'engager à s'abstenir de manger de la viande.;;;;;;;;;;;;x
vegetarian.3.a;So be it.;Ainsi soit-il.;;;;;;;;;;;;x
vegetarian.3.b;My sect or culture doesn’t require vegetarianism, but I’ll do it anyways.;Ma secte ou culture ne nécessite pas de végétarisme, mais je le ferai quand même.;;;;;;;;;;;;x
vegetarian.3.c;My sect or culture doesn’t require vegetarianism, and I won’t do it.;Ma secte ou culture ne nécessite pas de végétarisme et je ne le ferai pas.;;;;;;;;;;;;x
vegetarian.4.desc;Oddly enough, becoming a vegetarian was very easy for me. I don’t feel any attachment to meat at all.;Curieusement, devenir végétarien était très facile pour moi. Je ne ressens aucun attachement à la viande.;;;;;;;;;;;;x
vegetarian.4.a;Maybe I was a vegetarian in my past life.;Peut-être que j'étais végétarien dans ma vie passée.;;;;;;;;;;;;x
vegetarian.5.desc;Having a vegetarian diet isn’t the easiest thing. The temptation to eat meat is still strong, but I must continue practicing loving-kindness and compassion to all sentient beings.;Avoir un régime végétarien n'est pas la chose la plus simple. La tentation de manger de la viande est encore forte, mais je dois continuer à pratiquer la gentillesse et la compassion envers tous les êtres.;;;;;;;;;;;;x
vegetarian.5.a;I will endure.;Je survivrai.;;;;;;;;;;;;x
vegetarian.6.desc;Being a vegetarian is more difficult than I expected. It’s so hard trying to resist the temptation to meat!;Être végétarien est plus difficile que prévu. Il est si difficile d'essayer de résister à la tentation de viande !;;;;;;;;;;;;x
vegetarian.6.a;I don’t know how I’ll persevere, but I must.;Je ne sais pas comment je vais persévérer, mais je dois le faire.;;;;;;;;;;;;x
vegetarian.7.desc;I can’t take it anymore. Despite the karmic rewards, being vegetarian is too difficult - my attachment to meat is too great. There is no way I can avoid eating meat…;Je ne peux plus le prendre. Malgré les récompenses karmiques, être végétarien est trop difficile - mon attachement à la viande est trop bonne. Il n'y a aucun moyen pour éviter de manger de la viande ...;;;;;;;;;;;;x
vegetarian.7.a;It’s time to eat normally again.;Il est temps de manger normalement à nouveau.;;;;;;;;;;;;x
vegetarian.7.b;I must resist! I can resist!;Je dois résister ! Je peux résister !;;;;;;;;;;;;x
vegetarian.8.desc;Being vegetarian isn’t so bad, at least sometimes. Other times it’s hard to resist meat.;Être végétarien n'est pas si mauvais. Des fois, il est difficile de résister à la viande.;;;;;;;;;;;;x
vegetarian.8.a;That’s how samsara is.;C'est comme ça que Samsara est.;;;;;;;;;;;;x
vegetarian.9.desc;One of your courtiers is tempting you with meat. “[Root.GetTitledFirstName], you may be vegetarian, what’s the harm in eating meat once in a while? Just a taste, for fun. You can always say some prayers later to make up for it.”;Un de vos courtisans vous tente de manger. "[Root.GetTitledFirstName], vous êtes peut-être végétarien, quel est le mal à manger de la viande de temps en temps ? Juste un morceau, pour le plaisir. Vous pouvez toujours faire quelques prières pour compenser cela.";;;;;;;;;;;;x
vegetarian.9.a;Right! I’ll just have a few bites of that…;Bien ! Je vais juste avoir quelques bouchées de ça ...;;;;;;;;;;;;x
vegetarian.9.b;No! I vowed to practice loving-kindness and compassion!;Non ! J'ai promis de pratiquer la bonté et la compassion !;;;;;;;;;;;;x
vegetarian.10.desc;My desire for meat is overwhelming me. I am a [Root.GetTitle], after all… no one would object if I ate a little bit of meat, and I know the perfect way to get some without attracting too much attention…;Mon désir de viande me dépasse. Je suis un [Root.GetTitle], après tout ... Personne ne s'opposerait si je mange un peu de viande, et je connais la façon idéale d'en obtenir sans attirer trop l'attention ...;;;;;;;;;;;;x
vegetarian.10.a;It’s just one time… or a few…;C'est juste une fois ... ou une fois de temps en temps ...;;;;;;;;;;;;x
vegetarian.10.b;I will resist any such temptations!;Je résisterai à de telles tentations !;;;;;;;;;;;;x
vegetarian.11.desc;It seems the cook accidentally put some meat in my meal. I could ignore the meat… or I could just eat it.;On dirait que le cuisinier ait accidentellement mis de la viande dans mon repas. Je pourrais ignorer la viande ... ou je pourrais juste la manger.;;;;;;;;;;;;x
vegetarian.11.a;It’s the cook’s fault and not mine, I’ll eat meat this one time!;C'est la faute au cuisinier et pas de la mienne, je vais manger de la viande cette fois-ci !;;;;;;;;;;;;x
vegetarian.11.b;The cook already made it, so I’ll eat it reluctantly as to not waste food.;Le cuisinier l'a déjà fait, donc je vais la manger à contre-cœur pour ne pas gaspiller de la nourriture.;;;;;;;;;;;;x
vegetarian.11.c;Put the meat aside. I won’t be eating it.;Mettez la viande de côté. Je ne la mangerai pas.;;;;;;;;;;;;x
vegetarian.12.desc;I am beginning to get used to my vegetarian diet. I never knew it was possible to eat a variety of foods without meat! Salty, sweet, spicy… all these flavors can still be experienced. Granted, things like beans are no substitute for real meat, but it’s not as bad as I initially thought.;Je commence à m'habituer à mon régime végétarien. Je ne savais jamais qu'il était possible de manger une variété d'aliments sans viande ! Salés, sucrés, épicés ... tous ces arômes peuvent encore être vécus. Certes, certaines choses comme les haricots ne remplacent pas la vraie viande, mais ce n'est pas aussi mauvais que prévu.;;;;;;;;;;;;x
vegetarian.12.a;I’m strong to the finish, because I eat my vegetables.;Je suis fort car je mange des légumes.;;;;;;;;;;;;x
vegetarian.13.desc;Recently one of the local holy men gave a lecture on various topics to the nobles of my court. He said that my dedication to a vegetarian diet showed my devotion to the Dharma, and urged my courtiers to follow in my footsteps.;Récemment, un des hommes saints locaux a donné une conférence sur divers sujets aux nobles de ma cour. Il a dit que mon dévouement à un régime végétarien montrait mon dévouement envers Dharma et pousse mes courtisans à suivre mes pas.;;;;;;;;;;;;x
vegetarian.13.a;It’s good to hear someone approves!;C'est bon d'entendre quelqu'un approuver !;;;;;;;;;;;;x
vegetarian.13.b;I’ve done nothing great. I only wish others to be kind to all.;Je n'ai rien fait d'extraordinaire. Je souhaite seulement que les autres soient gentils.;;;;;;;;;;;;x
vegetarian.14.desc;Now that I’m vegetarian, it saddens me when I think of the animals that are constantly slaughtered every day for food. Perhaps I should go into town, buy some of these animals and set them free. Practicing compassion doesn’t end with a vegetarian diet, after all.;Maintenant que je suis végétarien, cela m'attriste quand je pense aux animaux abattus constamment tous les jours pour manger. Peut-être que je devrais aller en ville, acheter certains de ces animaux et les libérer. Pratiquer la compassion ne se limite pas par un régime végétarien, après tout.;;;;;;;;;;;;x
vegetarian.14.a;Yes, I should do this.;Oui, je devrais le faire.;;;;;;;;;;;;x
vegetarian.14.b;No, I don’t have time for this.;Non, je n'ai pas le temps.;;;;;;;;;;;;x
vegetarian.15.desc;It’s difficult explaining to some why I’m a vegetarian. “Don’t you miss the taste of meat?” or “Can’t you show your religious devotion through some other means?” some might ask. Today, however, I’ve managed to convince one of my courtiers that the merits of vegetarianism are worth it.;C'est difficile à expliquer pourquoi je suis végétarien. "Le goût de la viande ne vous manque-t-elle pas ?" Ou "Ne pouvez-vous pas montrer votre dévouement religieux par d'autres moyens ?", Pourrait-on demander. Aujourd'hui, cependant, j'ai réussi à convaincre un de mes courtisans que les mérites du végétarisme en vaut la peine.;;;;;;;;;;;;x
vegetarian.15.a;It’s good to have another vegetarian around!;C'est bon d'avoir un autre végétarien !;;;;;;;;;;;;x
vegetarian.16.desc;My loyal subordinates fear that my vegetarian diet will leave me malnourished and frail, unable to perform my duties and manage my responsibilities.;Mes subordonnés loyaux craignent que mon régime végétarien me fasse tomber malade, et que je ne sois incapable d'exercer mes fonctions et de gérer mes responsabilités.;;;;;;;;;;;;x
vegetarian.16.a;They do have a point… but what can I do?;Ils marquent un point ... mais que puis-je faire ?;;;;;;;;;;;;x
vegetarian.16.b;Ha! Haven’t they seen the healthy monks in the temples?;Ha ! N'ont-ils pas vu les moines aux temples ?;;;;;;;;;;;;x
vegetarian.17.desc;I have been experimenting with my vegetarian diet lately, but it seems the cook and I have miscalculated the sort of foods that would nourish me. I’m suddenly feeling very fatigued - it seems like this combination of foods isn’t very good at all!;J'ai récemment expérimenté mon régime végétarien, mais il semble que le cuisinier et moi avons mal calculé le genre d'aliments qui me nourrirait. Je suis soudainement très fatigué - on dirait que cette combinaison de nourriture n'est pas très bonne !;;;;;;;;;;;;x
vegetarian.17.a;If only I could eat meat again, this would be so much easier...;Si seulement je pouvais manger de la viande à nouveau, cela serait tellement plus facile ...;;;;;;;;;;;;x
vegetarian.17.b;Looks like we’ll have to go back to the previous diet.;On dirait qu'on va devoir revenir au régime précédent.;;;;;;;;;;;;x
vegetarian.18.desc;“Look at you meat-eaters! You’re no different from murderers!” you proudly proclaim to your courtiers, in another attempt to convince them of the merits of vegetarianism. “You’re all hypocrites, claiming to practice compassion and follow the Dharma while you continue to endorse the murder of innocents!”;"Regardez-vous des mangeurs de viande ! Vous n'êtes pas différent des meurtriers !" proclamez-vous fièrement à vos courtisans, dans une autre tentative de les convaincre des mérites du végétarisme. "Vous êtes tous des hypocrites, prétendant pratiquer la compassion et suivre Dharma pendant que vous continuez à endosser le meurtre d'innocents !";;;;;;;;;;;;x
vegetarian.18.a;That should teach them.;Ça devrait leur apprendre.;;;;;;;;;;;;x
vegetarian.18.b;Maybe I was too harsh, and should apologize.;Peut-être que j'étais trop sévère et je devais m'excuser.;;;;;;;;;;;;x
vegetarian.19.desc;You didn’t notice it at first, but one of your more mischievous courtiers put some meat in your meal, and you consumed it by accident! That fool must be punished somehow.;Vous ne l'avez pas remarqué au début, mais un de vos courtisans plus malicieux a mis de la viande dans votre repas et vous l'avez consommé par accident ! Ce fou doit être puni de quelque façon.;;;;;;;;;;;;x
vegetarian.19.a;Why should I be bothered?;Pourquoi devrais-je être dérangé ?;;;;;;;;;;;;x
vegetarian.19.b;Strongly condemn such actions.;Condamnez fermement de telles actions.;;;;;;;;;;;;x
vegetarian.19.c;A day in the stocks should do!;Une journée dans les magasins devrait suffire;;;;;;;;;;;;x
vegetarian.20.desc;“You are vegetarian?” the foreign dignitary looks, bewildered. He is currently visiting my court from a far-away land, and we happened to discuss my vegetarian diet. “But... you’re not that skinny!”;"Vous êtes végétarien ?", dit le dignitaire étranger en me regardant d'un air égaré. Il est actuellement en train de visiter ma cour, et nous avons parlé de mon régime végétarien. "Mais ... vous n'êtes pas si maigre !";;;;;;;;;;;;x
vegetarian.20.a;Some of the vegetarian monks are very obese, I assure you.;Certains des moines végétariens sont vraiment obèses, je vous l'assure.;;;;;;;;;;;;x
vegetarian.21.desc;Even though it’s for the good of all sentient beings, I’m starting to get sick of my vegetarian diet. It’s nothing but vegetables, fruits, and other bland things every day.;Même si c'est pour le bien de tous les êtres, je commence à être malade de mon alimentation végétarienne. Il n'y a pas que des légumes, des fruits et autres choses douces dans la vie.;;;;;;;;;;;;x
vegetarian.21.a;I feel like a peasant.;J'ai comme l'impression d'être un paysan.;;;;;;;;;;;;x
vegetarian.22.desc;My cook has to prepare meals not only for me, but everyone in my household and any guests who visit as well. I am aware that because of this, some of the vegetarian meals he prepares for me might be tainted with a bit of meat.;Mon cuisinier doit préparer des repas non seulement pour moi, mais tout le monde dans ma famille et tous les invités qui me rendent visite aussi. Je suis conscient que, à cause de cela, certains repas végétariens qu'il prépare pour moi pourraient être entachés d'un peu de viande.;;;;;;;;;;;;x
vegetarian.22.a;That is something I have to live with.;C'est quelque chose avec lequel je vais devoir vivre.;;;;;;;;;;;;x
vegetarian.22.b;I’ll force my cook to take extra precautions!;Je vais forcer mon cuisinier à prendre des précautions supplémentaires !;;;;;;;;;;;;x
vegetarian.23.desc;Would I ever passionately kiss someone who just ate meat?;Devrais-je embrassé passionnément quelqu'un qui vient de manger de la viande ?;;;;;;;;;;;;x
vegetarian.23.a;I wouldn’t kiss anyone at all to begin with.;Je ne voudrais pas embrasser quelqu'un pour commencer.;;;;;;;;;;;;x
vegetarian.23.b;Yes.;Oui.;;;;;;;;;;;;x
vegetarian.23.c;No.;Non.;;;;;;;;;;;;x
vegetarian.23.d;Only if they are really attractive.;Seulement s’ils sont vraiment attrayants.;;;;;;;;;;;;x
vegetarian.24.desc;While arguing with one of my courtiers about the merits of vegetarianism, my courtier tells me, “People will still continue to kill animals no matter what. Animals will still be butchered and eaten by thousands and millions of people. By refraining from meat, you’re only saving a few animals at most.”;En discutant avec un de mes courtisans au sujet des mérites du végétarisme, mon courtisan me dit : "Les gens vont continuer à tuer des animaux, peu importe ce qui arrive. Les animaux seront encore massacrés et mangés par des milliers et des millions de personnes. En s'abstenant de viande, vous économisez seulement quelques animaux en plus.";;;;;;;;;;;;x
vegetarian.24.a;Hmm… a good point. Would saving a few animals do anything?;Hmm ... Vous marquez un bon point. Est-ce que sauver quelques animaux en vaut la peine ?;;;;;;;;;;;;x
vegetarian.24.b;Even if I only save a few animals, that’s better than nothing.;Même si je sauvegarde seulement quelques animaux, c'est mieux que rien.;;;;;;;;;;;;x
vegetarian.25.desc;xxxxx;xxxxx;;;;;;;;;;;;x
vegetarian.25.a;xxxxx;xxxxx;;;;;;;;;;;;x
#Choosing Buddhist Sects ;;;;;;;;;;;;;;x
pure_land_supporter;Patron of Pure Land;Patron de la terre pure;;;;;;;;;;;;x
pure_land_supporter_desc;This Buddhist lord supports the Pure Land sect of Mahayana Buddhism.;Ce seigneur bouddhiste soutient la secte de la Terre Pure du Bouddhisme Mahayana.;;;;;;;;;;;;x
lotus_school_supporter;Patron of the Lotus School;Patron de l'École du Lotus;;;;;;;;;;;;x
lotus_school_supporter_desc;This Buddhist lord supports the Lotus School sect of Mahayana Buddhism.;Ce seigneur bouddhiste soutient la secte de l'École du Lotus du Bouddhisme Mahayana.;;;;;;;;;;;;x
zen_supporter;Patron of Zen;Patron du Zen;;;;;;;;;;;;x
zen_supporter_desc;This Buddhist lord supports the Zen sect of Mahayana Buddhism.;Ce seigneur bouddhiste soutient la secte du Zen du Bouddhisme Mahayana.;;;;;;;;;;;;x
yogacara_supporter;Patron of Yogacara;Patron de Yogacara;;;;;;;;;;;;x
yogacara_supporter_desc;This Buddhist lord supports the Yogacara sect of Mahayana Buddhism.;Ce seigneur bouddhiste soutient la secte Yogacara du Bouddhisme Mahayana.;;;;;;;;;;;;x
gelug_supporter;Patron of Gelug;Patron de Gelug;;;;;;;;;;;;x
gelug_supporter_desc;This Buddhist lord supports the Gelug school of Vajrayana Buddhism.;Ce seigneur bouddhiste soutient l'école Gelug du Bouddhisme Vajrayana.;;;;;;;;;;;;x
sakya_supporter;Patron of Sakya;Patron de Sakya;;;;;;;;;;;;x
sakya_supporter_desc;This Buddhist lord supports the Sakya school of Vajrayana Buddhism.;Ce seigneur bouddhiste soutient l'école Sakya du Bouddhisme Vajrayana.;;;;;;;;;;;;x
kagyu_supporter;Patron of Kagyu;Patron de Kagyu;;;;;;;;;;;;x
kagyu_supporter_desc;This Buddhist lord supports the Kagyu school of Vajrayana Buddhism.;Ce seigneur bouddhiste soutient l'école Kagyu du Bouddhisme Vajrayana.;;;;;;;;;;;;x
nyingma_supporter;Patron of Nyingma;Patron de Nyingma;;;;;;;;;;;;x
nyingma_supporter_desc;This Buddhist lord supports the Nyingma school of Vajrayana Buddhism.;Ce seigneur bouddhiste soutient l'école Nyingma du Bouddhisme Vajrayana.;;;;;;;;;;;;x
mahavihara_supporter;Patron of Mahavihara;Patron de Mahavihara;;;;;;;;;;;;x
mahavihara_supporter_desc;This Buddhist lord supports the Mahavihara branch of Theravada Buddhism.;Ce seigneur bouddhiste soutient la branche Mahavihara du Bouddhisme Theravada.;;;;;;;;;;;;x
abhayagiri_vihara_supporter;Patron of Abhayagiri Vihara;Patron d'Abhayagiri Vihara;;;;;;;;;;;;x
abhayagiri_vihara_supporter_desc;This Buddhist lord supports the Abhayagiri Vihara branch of Theravada Buddhism.;Ce seigneur bouddhiste soutient la branche Abhayagiri Vihara du Bouddhisme Theravada.;;;;;;;;;;;;x
spiritually_insincere_buddhist;Spiritually Insincere;Spirituellement insincère;;;;;;;;;;;;x
spiritually_insincere_buddhist_desc;This lord's decision to shift support from one major Buddhist sect to another has been seen as insecure and questionable by many within his/her realm, and his/her reputation suffers as a result.;La décision de ce seigneur de transférer le soutien d'une secte bouddhiste majeure à une autre a été considérée comme incertaine et discutable par beaucoup dans son domaine, et sa réputation en souffre en conséquence.;;;;;;;;;;;;x
buddhist.2.desc;As a new Buddhist ruler, it is important that you maintain good relations with the Sangha, or the Buddhist community, by sponsoring one of the major sects of Buddhism in your realm. There are several prominent ones to choose from.;En tant que nouveau souverain bouddhiste, il est important que vous entreteniez de bonnes relations avec la Sangha ou la communauté bouddhiste en parrainant l'une des principales sectes du bouddhisme dans votre domaine. Il y en a plusieurs que vous pouvez choisir.;;;;;;;;;;;;x
buddhist.2.a;I have thought over this matter much and have decided…;J'ai beaucoup pensé à cette question et j'ai décidé ...;;;;;;;;;;;;x
buddhist.2.b;I wish to learn more about these sects first.;Je souhaite d'abord en savoir plus sur ces sectes.;;;;;;;;;;;;x
buddhist.3.desc;Although you have long supported one Buddhist sect, you’ve decided that it’s time to shift support to a different sect. Only you know whether you do this for political or genuine spiritual reasons, but some may not see your change favorably, thinking you’re just playing politics.;Bien que vous ayez longtemps soutenu une secte bouddhiste, vous avez décidé qu'il est temps de changer de soutien pour une secte différente. Seulement vous savez que vous faites cela pour des raisons politiques ou spirituelles, mais certains peuvent ne pas voir votre changement favorablement, en pensant que vous jouez à un jeu politique.;;;;;;;;;;;;x
buddhist.3.a;I have thought over this matter and have decided…;J'ai réfléchi à cette question et j'ai décidé ...;;;;;;;;;;;;x
buddhist.3.b;I wish to learn more about these sects first.;Je souhaite d'abord en savoir plus sur ces sectes.;;;;;;;;;;;;x
buddhist.4.tooltip;Learn about the sects, their advantages and disadvantages;Renseignez-vous sur les sectes, leurs avantages et inconvénients;;;;;;;;;;;;x
buddhist.4.desc;You have recently just begun supporting a major sect of Buddhism, and it would probably be unwise to suddenly shift your support to another major sect. If you decide to go through with this change, your vassals and your people might not see you as favorably, thinking you’re just playing politics.;Vous venez tout juste de commencer à soutenir une secte majeure du bouddhisme, et il serait probablement imprudent de changer brusquement votre soutien à une autre secte majeure. Si vous décidez de passer par ce changement, vos vassaux et votre peuple pourraient ne pas vous voir aussi favorablement, pensant que vous jouez à un jeu politique.;;;;;;;;;;;;x
buddhist.4.a;Perhaps I am acting too hastily…;Peut-être que j'agis trop vite ...;;;;;;;;;;;;x
buddhist.4.b;No! I must change my support to another sect, and I’ve chosen...;Non ! Je dois changer mon soutien à une autre secte, et j'ai choisi ...;;;;;;;;;;;;x
buddhist.4.c;No! I want another sect. Let me learn about them first, however.;Non ! Je veux une autre secte. Permettez-moi d'en apprendre plus sur eux d'abord, cependant.;;;;;;;;;;;;x
buddhist.5.tooltip;Learn about the sects, their advantages and disadvantages;Renseignez-vous sur les sectes, leurs avantages et inconvénients;;;;;;;;;;;;x
buddhist.5.desc;You gather a number of scholars, priests, and other learned men, and prod them for information as well as their opinions on various Mahayana Buddhist sects. You ask, “Can you tell me more about the sect they call…”;Vous rassemblez un certain nombre d'érudits, de prêtres et autres savants, et vous leur demandez des informations ainsi que leurs opinions sur diverses sectes Bouddhistes Mahayana. Vous demandez : "Pouvez-vous me dire plus sur la secte qui appelle ...";;;;;;;;;;;;x
buddhist.5.a;Zen;Zen ;;;;;;;;;;;;x
buddhist.5.b;Pure Land;Terre pure;;;;;;;;;;;;x
buddhist.5.c;Lotus School;École du Lotus;;;;;;;;;;;;x
buddhist.5.d;Yogacara;Yogacara;;;;;;;;;;;;x
buddhist.6.tooltip;Learn about Zen;En apprendre plus sur Zen;;;;;;;;;;;;x
buddhist.6.desc;You learn more about Zen, a sect known for the puzzling and unusual methods it uses to teach practitioners and monks the way towards Enlightenment. (Sponsoring the Zen sect gives you +1 intrigue, and -20% build time and cost.);Vous en apprendrez plus sur Zen, une secte connue pour les méthodes insolites et inhabituelles qu'elle utilise pour enseigner aux praticiens et les moines comment aller vers les Lumières. (Le parrainage de la secte Zen vous donne +1 une intrigue et -20% en coûts et en temps de construction.);;;;;;;;;;;;x
buddhist.6.a;I see. Now, tell me about Pure Land.;Je vois. Maintenant, parlez-moi de la terre pure.;;;;;;;;;;;;x
buddhist.6.b;I see. Now, tell me about the Lotus School.;Je vois. Maintenant, parlez-moi de l'École du Lotus.;;;;;;;;;;;;x
buddhist.6.c;I see. Now, tell me about Yogacara.;Je vois. Maintenant, parlez-moi de Yogacara.;;;;;;;;;;;;x
buddhist.6.d;I have learned all I wanted to about these schools.;J'ai appris tout ce que je voulais sur ces écoles.;;;;;;;;;;;;x
buddhist.7.tooltip;Learn about Pure Land;En apprendre plus sur la terre pure;;;;;;;;;;;;x
buddhist.7.desc;You learn more about Pure Land, a sect named after the celestial realms of the Bodhisattvas and Buddhas. The sect emphasizes reaching a Pure Land as a means to enlightenment. (Sponsoring the Pure Land sect gives you +1 diplomacy, and +10 to general opinion.);Vous en apprendrez plus sur la terre pure, une secte nommée d'après le royaume céleste des Bodhisattvas et des Bouddhas. La secte met l'accent sur l'atteinte d'une terre pure comme moyen d'illumination. (Le parrainage de la secte de la terre pure vous donne +1 en diplomatie +10 en opinion générale.);;;;;;;;;;;;x
buddhist.7.a;I see. Now, tell me about Zen.;Je vois. Maintenant, parlez-moi de Zen;;;;;;;;;;;;x
buddhist.7.b;I see. Now, tell me about the Lotus School.;Je vois. Maintenant, parlez-moi de l'École du Lotus;;;;;;;;;;;;x
buddhist.7.c;I see. Now, tell me about Yogacara.;Je vois. Maintenant, parlez-moi de Yogacara;;;;;;;;;;;;x
buddhist.7.d;I have learned all I wanted to about these schools.;J'ai appris tout ce que je voulais sur ces écoles.;;;;;;;;;;;;x
buddhist.8.tooltip;Learn about the Lotus School;En apprendre plus sur l'École du Lotus;;;;;;;;;;;;x
buddhist.8.desc;You learn more about the Lotus school of Buddhism, which considers the Lotus Sutra a central element of Buddhist practice. Its doctrines are flexible and open-minded, readily accepting ideas from other sects. (Sponsoring the Lotus school gives you +1 stewardship, and +5% to tech.);Vous en apprendrez plus sur École du Lotus du bouddhisme, qui considère le Lotus Sutra comme un élément central de la pratique bouddhiste. Ses doctrines sont flexibles et ouvertes, acceptant facilement les idées des autres sectes. (Le parrainage de l'école Lotus vous donne +1 en Intendance et + 5% dans les technologies.);;;;;;;;;;;;x
buddhist.8.a;I see. Now, tell me about Zen.;Je vois. Maintenant, parlez-moi de Zen.;;;;;;;;;;;;x
buddhist.8.b;I see. Now, tell me about Pure Land.;Je vois. Maintenant, parlez-moi de la terre pure.;;;;;;;;;;;;x
buddhist.8.c;I see. Now, tell me about Yogacara.;Je vois. Maintenant, parlez-moi de Yogacara.;;;;;;;;;;;;x
buddhist.8.d;I have learned all I wanted to about these schools.;J'ai appris tout ce que je voulais sur ces écoles.;;;;;;;;;;;;x
buddhist.9.tooltip;Learn about Yogacara;En apprendre plus sur Yogacara;;;;;;;;;;;;x
buddhist.9.desc;You learn more about the Yogacara, which is an old sect that has significant influence on "newer" sects such as Zen. Followers of this sect argue that the mind is real but objects are just ideas or states of consciousness. (Sponsoring the Yogacara sect gives you +1 learning and a piety boost.);Vous en apprendrez plus sur Yogacara, qui est une ancienne secte qui a une influence significative sur les sectes "plus récentes" telles que Zen. Les disciples de cette secte affirment que l'esprit est réel, mais les objets ne sont que des idées ou des états de conscience. (Le parrainage de la secte Yogacara vous donne +1 en érudition et un boost en piété.);;;;;;;;;;;;x
buddhist.9.a;I see. Now, tell me about Zen.;Je vois. Maintenant, parlez-moi de Zen.;;;;;;;;;;;;x
buddhist.9.b;I see. Now, tell me about Pure Land.;Je vois. Maintenant, parlez-moi de la terre pure.;;;;;;;;;;;;x
buddhist.9.c;I see. Now, tell me about the Lotus School.;Je vois. Maintenant, parlez-moi de l'École du Lotus.;;;;;;;;;;;;x
buddhist.9.d;I have learned all I wanted to about these schools.;J'ai appris tout ce que je voulais sur ces écoles.;;;;;;;;;;;;x
buddhist.10.tooltip;Let me officially choose a sect already!;Permettez-moi de choisir officiellement une secte !;;;;;;;;;;;;x
buddhist.10.desc;After careful deliberation and spiritual meditation, you have settled on supporting one of the major Buddhist schools . Whether you do so for practical reasons and ulterior motives, or because you genuinely believe in its spiritual methods and practices, is another matter. Thus, you decide to support…;Après une réflexion minutieuse et une méditation spirituelle, vous avez décidé de soutenir l'une des écoles bouddhistes principales. Que vous le fassiez pour des raisons pratiques et avec des arrière-pensées, ou parce que vous croyez sincèrement dans ses méthodes et pratiques spirituelles, c'est une autre question. Ainsi, vous décidez de soutenir ...;;;;;;;;;;;;x
buddhist.10.a;Zen;Zen;;;;;;;;;;;;x
buddhist.10.b;Pure Land;Terre pure;;;;;;;;;;;;x
buddhist.10.c;Lotus School;École du Lotus;;;;;;;;;;;;x
buddhist.10.d;Yogacara;Yogacara;;;;;;;;;;;;x
buddhist.10.e;Gelug;Gelug;;;;;;;;;;;;x
buddhist.10.f;Sakya;Sakya;;;;;;;;;;;;x
buddhist.10.g;Kagyu;Kagyu;;;;;;;;;;;;x
buddhist.10.h;Nyingma;Nyingma;;;;;;;;;;;;x
buddhist.10.i;Mahavihara;Mahavihara;;;;;;;;;;;;x
buddhist.10.j;Abhayagiri Vihara;Abhayagiri Vihara;;;;;;;;;;;;x
buddhist.11.desc;Your decision to shift support from one major Buddhist sect to another are being questioned by many. Some see it as a political ploy, others think your beliefs aren't sincere. Your reputation suffers as a result.;Votre décision de transférer le soutien d'une secte bouddhiste majeure à une autre est remise en cause par plusieurs. Certains le considèrent comme un stratagème politique, d'autres pensent que vos croyances ne sont pas sincères. Votre réputation en souffre en conséquence.;;;;;;;;;;;;x
buddhist.11.a;Bad karma on my part, I suppose.;Un mauvais karma, je suppose.;;;;;;;;;;;;x
buddhist.11.b;What? How…;Quoi ? Comment ...;;;;;;;;;;;;x
i_choose_you_buddhist_school;You have chosen which sect to support - may it flourish across the land and help spread the Dharma!;Vous avez choisi la secte à soutenir - Peut-elle prospérer à travers la terre et aider à répandre le Dharma !;;;;;;;;;;;;x
change_buddhist_sect;Support a Different Buddhist Sect;Soutenir une autre secte Bouddhiste;;;;;;;;;;;;x
change_buddhist_sect_desc;Change support to a different Buddhist sect.;Changer votre soutien vers une secte Bouddhiste différente.;;;;;;;;;;;;x
buddhist.20.desc;As I follow a different branch of Buddhism now, I can no longer support the sect I once supported.;Comme je suis dans une branche différente du bouddhisme maintenant, je ne peux plus supporter la secte que j'ai soutenue autrefois.;;;;;;;;;;;;x
buddhist.20.a;This is for the best.;C'est pour le mieux.;;;;;;;;;;;;x
buddhist.21.tooltip;Learn about the sects, their advantages and disadvantages;Renseignez-vous sur les sectes, leurs avantages et inconvénients;;;;;;;;;;;;x
buddhist.21.desc;You gather a number of scholars, priests, and other learned men, and prod them for information as well as their opinions on various Vajrayana Buddhist sects. You ask, “Can you tell me more about the sect they call…”;Vous rassemblez un certain nombre d'érudits, de prêtres et autres savants, et vous leur demandez des informations ainsi que leurs opinions sur diverses sectes Bouddhistes Vajrayana. Vous demandez : "Pouvez-vous me dire plus sur la secte qui appelle ...";;;;;;;;;;;;x
buddhist.21.a;Gelug;Gelug;;;;;;;;;;;;x
buddhist.21.b;Sakya;Sakya;;;;;;;;;;;;x
buddhist.21.c;Kagyu;Kagyu;;;;;;;;;;;;x
buddhist.21.d;Nyingma;Nyingma;;;;;;;;;;;;x
buddhist.22.tooltip;Learn about the Gelug;En apprendre plus sur Gelug;;;;;;;;;;;;x
buddhist.22.desc;You learn more about the Gelug school. A reformist school, it has scholastic leanings like the Sakya, but places a lot more emphasis on logic and debate. (Sponsoring the Gelug gives you +5% to cultural and economic technology and +0.35 prestige.);Vous en apprendrez plus sur Gelug. Une école réformiste, elle a des tendances scolastiques comme la Sakya, mais met beaucoup plus l'accent sur la logique et le débat. (Le parrainage de la secte Gelug vous donne + 5 % en technologie culturelle et économique et +0,35 de prestige.);;;;;;;;;;;;x
buddhist.22.a;I see. Now, tell me about the Sakya.;Je vois. Maintenant, parlez-moi de Sakya.;;;;;;;;;;;;x
buddhist.22.b;I see. Now, tell me about the Kagyu.;Je vois. Maintenant, parlez-moi de Kagyu.;;;;;;;;;;;;x
buddhist.22.c;I see. Now, tell me about the Nyingma.;Je vois. Maintenant, parlez-moi de Nyingma.;;;;;;;;;;;;x
buddhist.23.tooltip;Learn about the Sakya;En apprendre plus sur Sakya;;;;;;;;;;;;x
buddhist.23.desc;You learn more about the Sakya school. It has a heavy emphasis on its scholastic tradition, and its monks are renowned for their skill in translation. The leaders of the Sakya school are also known for their political power in Tibet. (Sponsoring the Sakya gives you +1 diplomacy and +5% to land morale and levy reinforce rate.);Vous en apprendrez plus sur Sakya. Elle met fortement l'accent sur sa tradition scolastique, et ses moines sont réputés pour leurs compétences en traduction. Les dirigeants de l'école Sakya sont également connus pour leur pouvoir politique au Tibet. (Le parrainage de la secte Sakya vous donne +1 en diplomatie et +5 % de soutien moral et une plus haute perception des impôts.);;;;;;;;;;;;x
buddhist.23.a;I see. Now, tell me about the Gelug;Je vois. Maintenant, parlez-moi de Gelug.;;;;;;;;;;;;x
buddhist.23.b;I see. Now, tell me about the Kagyu;Je vois. Maintenant, parlez-moi de Kagyu.;;;;;;;;;;;;x
buddhist.23.c;I see. Now, tell me about the Nyingma.;Je vois. Maintenant, parlez-moi de Nyingma.;;;;;;;;;;;;x
buddhist.24.tooltip;Learn about the Kagyu;En apprendre plus sur Kagyu;;;;;;;;;;;;x
buddhist.24.desc;You learn more about the Kagyu school. It is very mystical, even compared to other schools and sects within the Vajrayana tradition. (Sponsoring the Kagyu gives you +1 intrigue, +0.1 health, and +0.2 fertility.);Vous en apprendrez plus sur l'école Kagyu. C'est une école très mystique, même par rapport aux autres écoles et sectes de la tradition Vajrayana. (Le parrainage de la secte Kagyu vous donne +1 en intrigue et +0,2 en santé et en fertilité.);;;;;;;;;;;;x
buddhist.24.a;I see. Now, tell me about the Gelug;Je vois. Maintenant, parlez-moi de Gelug.;;;;;;;;;;;;x
buddhist.24.b;I see. Now, tell me about the Sakya;Je vois. Maintenant, parlez-moi de Sakya.;;;;;;;;;;;;x
buddhist.24.c;I see. Now, tell me about the Nyingma;Je vois. Maintenant, parlez-moi de Nyingma.;;;;;;;;;;;;x
buddhist.25.tooltip;Learn about the Nyingma;En apprendre plus sur Nyingma;;;;;;;;;;;;x
buddhist.25.desc;You learn more about the Nyingma school. The oldest school in Tibetan Buddhism, unlike the other branches, it is decentralized, with important decisions made by a group of monks. It also generally isn’t interested in politics. (Sponsoring the Nyingma gives you +10 general opinion and -0.05% revolt risk.);Vous en apprendrez plus sur l'école Nyingma. L'école la plus ancienne du bouddhisme tibétain, contrairement aux autres branches, est décentralisée, avec des décisions importantes prises par un groupe de moines. En général, ils ne sont pas intéressé par la politique. (Le parrainage de la secte Nyingma vous donne +10 d'opinion générale et -0,05% de risque de révolte.);;;;;;;;;;;;x
buddhist.25.a;I see. Now, tell me about the Gelug.;Je vois. Maintenant, parlez-moi de Gelug.;;;;;;;;;;;;x
buddhist.25.b;I see. Now, tell me about the Sakya.;Je vois. Maintenant, parlez-moi de Sakya.;;;;;;;;;;;;x
buddhist.25.c;I see. Now, tell me about the Kagyu.;Je vois. Maintenant, parlez-moi de Kagyu.;;;;;;;;;;;;x
buddhist.26.tooltip;Learn about the sects, their advantages and disadvantages;Renseignez-vous sur les sectes, leurs avantages et inconvénients;;;;;;;;;;;;x
buddhist.26.desc;You gather a number of scholars, priests, and other learned men, and prod them for information as well as their opinions on various Theravada Buddhist sects. You ask, “Can you tell me more about the sect they call…”;Vous rassemblez un certain nombre d'érudits, de prêtres et autres savants, et vous leur demandez des informations ainsi que leurs opinions sur diverses sectes Bouddhistes Theravada. Vous demandez : "Pouvez-vous me dire plus sur la secte qui appelle ...";;;;;;;;;;;;x
buddhist.26.a;Mahavihara;Mahavihara;;;;;;;;;;;;x
buddhist.26.b;Abhayagiri Vihara;Abhayagiri Vihara;;;;;;;;;;;;x
buddhist.27.tooltip;Learn about the Mahavihara;En apprendre plus sur Mahavihara;;;;;;;;;;;;x
buddhist.27.desc;You learn more about the Mahavihara. They are considered the orthodox branch of the Theravada, believing that they propogate the authentic teachings of the Buddha. (Sponsoring the Mahavihara gives you -3% to all tech, but  +0.25 to piety and +0.1 tax.);Vous en apprendrez plus sur le Mahavihara. Ils sont considérés comme la branche la plus orthodoxe de la branche Theravada, croyant qu'ils propagent les enseignements authentiques du Bouddha. (Le parrainage de la secte Mahavihara vous donne -3% à toutes les technologies, mais +0.25 en piété et +0.1 en impôt.);;;;;;;;;;;;x
buddhist.27.a;I see. Now, tell me about the Abhayagiri Vihara.;Je vois. Maintenant, parlez-moi d’Abhayagiri Vihara.;;;;;;;;;;;;x
buddhist.28.tooltip;Learn about the Abhayagiri Vihara;En apprendre plus sur Abhayagiri Vihara;;;;;;;;;;;;x
buddhist.28.desc;You learn more about the Abhayagiri Vihara. They are considered heterodox by some followers of Theravada, as they believe in integrating the teachings of non-Mahayana schools across the world. (Sponsoring the Mahavihara gives you -5 general opinion, but +10% to tech, and +0.25 prestige.);Vous en apprendrez plus sur le Vihara Abhayagiri. Ils sont considérés comme la branche la plus hétérodoxe de la branche Theravada, car ils croient pouvoir intégrer les enseignements des écoles non Mahayana à travers le monde. (Le parrainage de la secte Mahavihara vous donne -5 d'opinion générale, mais + 10 % dans les technologies et +0,25 prestige.);;;;;;;;;;;;x
buddhist.28.a;I see. Now, tell me about the Mahavihara.;Je vois. Maintenant, parlez-moi de Mahavihara.;;;;;;;;;;;;x
buddhist.29.desc;xxxx;xxxx;;;;;;;;;;;;x
buddhist.29.a;xxxxx;xxxxx;;;;;;;;;;;;x
#Retreat ;;;;;;;;;;;;;;x
begin_retreat_novice;I can hardly wait to get started. Let the retreat begin!;J'ai hâte de commencer, que le repli commence !;;;;;;;;;;;;x
begin_retreat_experienced;It is good to be back. Let the retreat begin!;C'est bon d'être de retour, que le repli commence !;;;;;;;;;;;;x
go_on_retreat;Go on a Retreat;Aller dans un refuge;;;;;;;;;;;;x
go_on_retreat_desc;Live in a monastery or temple for three months, half a year, or a full year while engaging in meditation, practicing the Dharma and cultivating good merit;Vivre dans un monastère ou un temple pendant trois mois, six mois ou une année complète en s'engageant dans la méditation, en pratiquant le Dharma et en cultivant un bon mérite;;;;;;;;;;;;x
on_retreat;On a Retreat;Dans un refuge;;;;;;;;;;;;x
on_retreat_desc;This character is participating in a meditation retreat.;Ce personnage participe à une retraite de méditation.;;;;;;;;;;;;x
retreat_veteran;Retreat Veteran;S'est retiré en méditation;;;;;;;;;;;;x
retreat_veteran_desc;This character has participated in at least one meditation retreat, and has gained a degree of spiritual insight as a result. Without a doubt, due to this character's good karma, he or she will be reborn as a fortunate human in his or her next life!;Ce personnage a participé à au moins une retraite de méditation et a obtenu une certaine perspicacité spirituelle en conséquence. Sans aucun doute, en raison du bon karma de ce personnage, il ou elle renaîtra comme un homme chanceux dans sa prochaine vie !;;;;;;;;;;;;x
retreat_master;Retreat Master;S'est retiré plusieurs fois en méditation;;;;;;;;;;;;x
retreat_master_desc;This character has participated in several meditation retreats, and has gained a great amount of spiritual insight as a result. This character has almost certainly gained a lot of good merit, and will likely be reborn in a fortunate realm in his or her next life!;Ce personnage a participé à plusieurs retraites de méditation et a obtenu une certaine perspicacité spirituelle en conséquence. Sans aucun doute, en raison du bon karma de ce personnage, il ou elle renaîtra comme un homme chanceux dans sa prochaine vie !;;;;;;;;;;;;x
meditation.1.desc;Even if I am a well-off [Root.GetTitle] who has everything in the world, I feel like I am still lacking, spiritually. I’ve decided to thus go to one of the major temples in the region, and participate in a spiritual retreat for an extended period of time. ;Même si je suis un [Root.GetTitle] bien-fondé qui a tout dans le monde, j'ai l'impression que qu'il manque quelque chose, spirituellement. J'ai décidé de passer à l'un des principaux temples de la région et de participer à une retraite spirituelle pour une période prolongée.;;;;;;;;;;;;x
meditation.1.a;It will be difficult to forget my worldly concerns for a while, though.;Cependant, il sera difficile d'oublier mes préoccupations mondaines pendant un certain temps.;;;;;;;;;;;;x
meditation.1.b;I look forward to returning to the temple!;Je suis impatient de retourner au temple !;;;;;;;;;;;;x
meditation.2.tooltip;First, some preparations must be made while I am away. I must make sure everything at my court is in order, since I’ll be gone for a while.;Tout d'abord, certains préparatifs doivent être faits pendant que je suis absent. Je dois m'assurer que toute ma cour est en ordre, puisque je pars pendant un certain temps.;;;;;;;;;;;;x
meditation.2.name;Coming to the Temple;Aller au temple;;;;;;;;;;;;x
meditation.2.desc;The journey to the temple was more strenuous than I expected, but we have arrived nonetheless. I engage in the normal formalities upon reaching the temple - prostrating before Lord Buddha, bestowing gifts upon the monks, and so on. Eventually, I remove all my luxurious clothing and put on the humble robes of an ascetic.\n\nAs night comes, I am shown to my dormitory where I will be sleeping during my stay. It’s a change from the luxurious palace rooms, but I’ll get used to it. After all, I’ll be staying for...;Le voyage jusqu'au le temple était plus ardu  que prévu, mais nous y sommes arrivés. J'effectue les formalités habituelles en arrivant au temple - se prosterner devant le Bouddha, je donne des cadeaux aux moines, etc. Finalement, je retire tous mes vêtements luxueux et met une robe bien plus humble.\n\nComme la nuit vient, je monte à mon dortoir où je dors pendant mon séjour. C'est un changement par rapport aux chambres luxueuses du palais, mais je m'y habituerai. Après tout, j'y resterai pendant ...;;;;;;;;;;;;x
meditation.2.a;Three months.;Trois mois.;;;;;;;;;;;;x
meditation.2.b;Half a year.;Six mois.;;;;;;;;;;;;x
meditation.2.c;One year.;Un an.;;;;;;;;;;;;x
meditation.3.tooltip;Tomorrow, the retreat will begin - I can’t wait!;Demain sera un nouveau jour - j'ai hâte de commencer !;;;;;;;;;;;;x
meditation.3.desc;My retreat has begun. It will be difficult getting used to only two sparse meals a day and the constant meditation sessions. Under the guidance of the temple’s retreat masters, I hope to cultivate my mind towards compassion and mindfulness.;Mon repli a commencé. Il sera difficile de s'habituer à seulement deux repas par jour et aux séances de méditation constantes. Sous la direction des maîtres de retraite du temple, j'espère cultiver mon esprit vers la compassion et la conscience.;;;;;;;;;;;;x
meditation.3.a;I will dedicate any merit gained to all sentient beings.;Je consacrerai tout le mérite gagné à tous les êtres.;;;;;;;;;;;;x
meditation.4.tooltip;Tomorrow, the retreat will begin - it’s good to be back!;Demain, mon repli commence - c'est bon d'être de retour !;;;;;;;;;;;;x
meditation.4.desc;My retreat has begun. Although it’s been a while since I’ve lived such a spartan lifestyle, I’ve done it before, and I have no trouble adjusting back to it. Under the guidance of the temple’s retreat masters, I am reviewing several meditation techniques and learning a few new ones.;Mon repli a commencé. Bien que cela ait duré un certain temps depuis que j'ai vécu un mode de vie aussi spartiate, je l'ai fait, et je n'ai aucun problème pour y revenir. Sous la direction des maîtres de retraite du temple, je passe en revue plusieurs techniques de méditation et en apparent quelques nouvelles.;;;;;;;;;;;;x
meditation.4.a;During this retreat, I will try to focus on improving...;Au cours de cette retraite, je vais essayer de me concentrer sur ...;;;;;;;;;;;;x
meditation.5.desc;It’s been three months since I begun my retreat. I think I’ve gotten used to it.;Ça fait trois mois que j'ai commencé. Je pense que je m'y suis habitué.;;;;;;;;;;;;x
meditation.5.a;Indeed.;Effectivement.;;;;;;;;;;;;x
meditation.6.desc;It’s been half a year since I begun my retreat. So far, I have gained much spiritual insight… I think.;Ça fait six mois que j'ai commencé. Jusqu'à présent, j'ai acquis beaucoup d'intuition spirituelle ... Je pense.;;;;;;;;;;;;x
meditation.6.a;I only have half a year to go.;Il reste encore six mois.;;;;;;;;;;;;x
meditation.7.desc;It’s been nine months since I begun my retreat. Time passes by so quickly when one is engaged in spiritual practice.;Ça fait neuf mois que j'ai commencé. Le temps passe si rapidement lorsque l'on s'engage dans la pratique spirituelle.;;;;;;;;;;;;x
meditation.7.a;Only three more months to go.;Encore trois mois.;;;;;;;;;;;;x
meditation.8.desc;The retreat is about to end in a few days, and I will thus have to leave the temple.;La retraite est sur le point de se terminer dans quelques jours, et je devrai donc quitter le temple.;;;;;;;;;;;;x
meditation.8.a;I should get ready to leave.;Je devrais me préparer à partir.;;;;;;;;;;;;x
meditation.8.b;I see.;Je vois.;;;;;;;;;;;;x
meditation.8.c;Hmm. Is there any difference between the temple and palace?;Hmm. Y a-t-il une différence entre le temple et le palais ?;;;;;;;;;;;;x
meditation.9.name;The Retreat Ends;La fin du repli;;;;;;;;;;;;x
meditation.9.desc;My spiritual retreat has ended. I feel strange, even frightened, leaving the temple and readjusting to normal life. The retreat was a strange, uncomfortable experience, after all, and I still think of it as rather difficult, yet I learned much.\n\nCompassion. Mindfulness. Patience. Inner peace.\n\nI have been exposed to the Dharma in ways I could not have possibly imagined. Can I possibly put these lessons to practice?;Ma retraite spirituelle s'est terminée. Je me suis senti étrange, même effrayé, en quittant le temple et en revenant à la vie normale. La retraite a été une expérience étrange et inconfortable, après tout, et je le pense encore plutôt difficile, mais j'ai beaucoup appris.\n\nLa Compassion. La Pleine Conscience. La Patience.\n\nJ'ai été exposé au Dharma de façons dont je n'aurais pu imaginer. Puis-je mettre ces leçons en pratique ?;;;;;;;;;;;;x
meditation.9.a;At the least, I can try meditating a bit each day.;Au moins, je peux essayer de méditer un peu chaque jour.;;;;;;;;;;;;x
meditation.10.desc;My spiritual retreat has ended. I feel anxious returning to my normal routine after being away for so long. The monks, too, are sad to see me go. They told me I have learned quite a lot in the short time I’ve been here, and feel I hold much promise, spiritually.\n\nPerhaps I should return one day, and engage in another retreat. Until then, I can try to apply the lessons I’ve learned to my daily life.;Ma retraite spirituelle s'est terminée. Je me sens anxieux de revenir à ma vie normale. après avoir été absent pendant si longtemps. Les moines aussi sont tristes de me voir partir. Ils m'ont dit que j'avais beaucoup appris durant mon court laps de temps que j'étais ici et j'estime que je suis très prometteur, spirituellement.\n\nPeut-être que je devrais revenir un jour et m'engager dans une autre retraite. Jusque-là, je peux essayer d'appliquer les leçons que j'ai appris dans ma vie quotidienne.;;;;;;;;;;;;x
meditation.10.a;For instance, I can meditate a bit each day.;Par exemple, je peux méditer un peu chaque jour.;;;;;;;;;;;;x
meditation.11.desc;My spiritual retreat has ended. Adjusting from the temple life to my daily routine as a [Root.GetTitle] isn’t as difficult as it used to be - my diligent efforts in studying and practicing the Dharma have equipped me with the tools needed to handle the toils and problems of normal life.\n\nRegardless, the monks say I have become quite realized myself, possessing a level of awareness uncommon even among most monks. I now understand that the troubles I encounter in this lifetime are the result of my karmic actions in previous lifetimes, and I am glad that I had enough good karma to be able to participate in this spiritual retreats.;Ma retraite spirituelle s'est terminée. Mon retour à la vie quotidienne, en quittant le temple, en tant que [Root.GetTitle] n'est pas aussi difficile que prévu - mes efforts diligents dans l'étude et la pratique du Dharma m'ont permis d'avoir les outils nécessaires pour gérer les labeurs et les problèmes au quotidien.\n\nBien sûr, les moines disent que j'ai pris conscience sur moi-même, possédant un niveau de conscience inhabituel même parmi la plupart des moines. Je comprends maintenant que les problèmes que je rencontre dans cette vie sont le résultat de mes actions karmiques dans les vies précédentes, et je suis heureux d'avoir assez de bon karma pour pouvoir participer à ces retraites spirituelles.;;;;;;;;;;;;x
meditation.11.a;I will return. There is much I can still learn.;Je reviendrai. Il y a beaucoup de choses que je peux encore apprendre.;;;;;;;;;;;;x
meditation.12.desc;My spiritual retreat has ended. Adjusting from the temple life to my daily routine as a [Root.GetTitle] isn’t as difficult as it used to be - my diligent efforts in studying and practicing the Dharma have equipped me with the tools needed to handle the toils and problems of normal life.\n\nRegardless, the monks say I have become quite realized myself, possessing a level of awareness uncommon even among most monks. I now understand that the troubles I encounter in this lifetime are the result of my karmic actions in previous lifetimes, and I am glad that I had enough good karma to be able to participate in this spiritual retreats.;Ma retraite spirituelle s'est terminée. Mon retour à la vie quotidienne, en quittant le temple, en tant que [Root.GetTitle] n'est pas aussi difficile que prévu - mes efforts diligents dans l'étude et la pratique du Dharma m'ont permis d'avoir les outils nécessaires pour gérer les labeurs et les problèmes au quotidien.\n\nBien sûr, les moines disent que j'ai pris conscience sur moi-même, possédant un niveau de conscience inhabituel même parmi la plupart des moines. Je comprends maintenant que les problèmes que je rencontre dans cette vie sont le résultat de mes actions karmiques dans les vies précédentes, et je suis heureux d'avoir assez de bon karma pour pouvoir participer à ces retraites spirituelles.;;;;;;;;;;;;x
meditation.12.a;I will return. There is much I can still learn.;Je reviendrai. Il y a beaucoup de choses que je peux encore apprendre.;;;;;;;;;;;;x
meditation.13.desc;My spiritual retreat has ended. Before, returning to daily life would’ve felt strange, jarring, even frightening. But I now know that there is no true difference between the temple and the palace. A true master can practice the Dharma anywhere, at any time.\n\nSome meditate while they eat, or walk. Some meditate as they make craftwork or practice archery. And, so too, will I meditate - focus and concentrate, stay mindful - in every moment, every breath, every moment while I work off my karmic debt in this life as a [Root.GetTitle].;Ma retraite spirituelle s'est terminée. Avant, revenir à ma vie quotidienne m'aurait fait sentir un sentiment étrange, gênant, même effrayant. Mais je sais maintenant qu'il n'y a pas de véritable différence entre le temple et le palais. Un vrai maître peut pratiquer le Dharma n'importe où, à tout moment.\n\nUn peu de méditation pendant qu'ils mangent, ou à pied. Certains méditent alors qu'ils font de l'artisanat ou pratiquent le tir à l'arc. Moi aussi, je méditerai - concentrez-vous, concentrez-vous, restez attentif - à chaque instant, chaque souffle, chaque moment pendant que je travaille sur ma dette karmique dans cette vie en tant que [Root.GetTitle].;;;;;;;;;;;;x
meditation.13.a;I will attain enlightenment, for all sentient beings.;J'atteindrai l'illumination, pour tous les êtres.;;;;;;;;;;;;x
meditation.14.desc;Today’s meditation sessions are going well enough.;Les séances de méditation d'aujourd'hui vont assez bien.;;;;;;;;;;;;x
meditation.14.a;Breathe in… and out...;Respirer ... et expirer ...;;;;;;;;;;;;x
meditation.15.desc;Sitting in meditation today, I feel much calmer than usual.;Assis en méditation, aujourd'hui, je suis beaucoup plus calme que d'habitude.;;;;;;;;;;;;x
meditation.15.a;Everything feels so relaxed.;Tout est tellement relaxant.;;;;;;;;;;;;x
meditation.16.desc;I join the monks in chanting the names of the Buddhas and Bodhisattvas.;Je me joigne aux moines en chantant les noms des Bouddhas et des Bodhisattvas.;;;;;;;;;;;;x
meditation.16.a;This should improve my ability to concentrate.;Cela devrait améliorer ma capacité de concentration.;;;;;;;;;;;;x
meditation.17.desc;As I walk towards the meditation hall, I notice many insects crawling about. I must be careful not to step on them!;Alors que je me dirige vers la salle de méditation, je remarque de nombreux insectes qui traînent. Je dois faire attention de ne pas marcher sur eux !;;;;;;;;;;;;x
meditation.17.a;In this holy place, killing - even if accidental - is not permitted.;Dans ce lieu sacré, le meurtre - même s'il est accidentel - n'est pas permis.;;;;;;;;;;;;x
meditation.18.desc;I suddenly have an itch while I’m meditating.;J'ai tout à coup une démangeaison pendant que je médite.;;;;;;;;;;;;x
meditation.18.a;Try to ignore it and resume meditating.;Essayez d'ignorer et de continuer à méditer.;;;;;;;;;;;;x
meditation.18.b;Scratch it.;Se gratter.;;;;;;;;;;;;x
meditation.19.desc;My current meditation session hasn’t ended yet, but my legs are getting numb.;Ma séance de méditation actuelle n'est pas encore terminée, mais mes jambes sont engourdies.;;;;;;;;;;;;x
meditation.19.a;Ouch.;Aïe.;;;;;;;;;;;;x
meditation.19.b;I adjust my legs.;Je réajuste mes jambes.;;;;;;;;;;;;x
meditation.20.desc;I ask one of the senior monks, "What is Buddha?"\n\nHe replies;Je demande à l'un des anciens moines : "Qu'est-ce que Bouddha ?"\n\nIl répond :;;;;;;;;;;;;x
meditation.20.a;"Three pounds of flax.";"Trois livres de lin.";;;;;;;;;;;;x
meditation.20.b;"That tree over there.";"Cet arbre là-bas.";;;;;;;;;;;;x
meditation.20.c;"A dried stick of manure.";"Un bâton de fumier séché.";;;;;;;;;;;;x
meditation.20.d;… by hitting me on the head.;... en me frappant sur la tête.;;;;;;;;;;;;x
meditation.21.name;An Exam;Un examen;;;;;;;;;;;;x
meditation.21.desc;As usual, some of the monks and retreat participants are engaging in spiritual discussion and debate, and I decide to observe. Suddenly, a senior monk of great age brings forth a chair and sets it before everyone. “Can anyone prove that this chair’s true essence is that of emptiness, prove that it is an illusion in our mind?” he asks.\n\nThe others eagerly begin making their cases, citing the sutras or referencing ideas about the mindstream and dependent origination, saying the chair is like this and that. However, none of their answers satisfies the old monk. Finally, one monk - who had been silent for some time - speaks up, and asks, “What chair are we arguing about?”;Comme d'habitude, certains des moines et des participants à la retraite s'engagent dans une discussion et un débat spirituel, et je décide d'observer. Soudainement, un ancien moine d'un grand âge apporte une chaise et l’amène devant tout le monde. "Peut-on prouver que la vraie essence de cette chaise est celle du vide, prouver qu'elle est une illusion dans notre esprit ?", Demande-t-il.\n\nLes autres commencent à discuter, en citant les sutras ou en faisant référence à des idées sur l'esprit et l'origine dépendante, disant que la chaise est comme ci et ça. Cependant, aucune de leurs réponses satisfait l'ancien moine. Enfin, un moine - qui avait été silencieux pendant un certain temps - parle, et demande : "De quelle chaise discutons-nous ?";;;;;;;;;;;;x
meditation.21.a;I see the old monk smiling.;Je vois le vieux moine sourire.;;;;;;;;;;;;x
meditation.22.name;The Nature of Emptiness;La nature du vide;;;;;;;;;;;;x
meditation.22.desc;I am participating in a philosophical discussion with one of the senior monks to prove how much of the Dharma I’ve learned. I proclaim, “The true nature of everything is emptiness. The Buddhas and Bodhisattvas do not exist. There is no realisation, no delusion, no sage. There is no giving and nothing to be received.”\n\nThe senior monk is silent, his face unmoving. Is he thinking? Suddenly - WHACK - he hits me on the head. I am angered, but the monk patiently asks me:;Je participe à une discussion philosophique avec un des anciens moines pour prouver la quantité de Dharma que j'ai appris. Je proclame : "La vraie nature de tout est le vide. Les Bouddhas et les Bodhisattvas n'existent pas. Il n'y a aucune réalisation, pas d'illusion, pas de sage. Il n'y a pas de don et il n'y a rien à recevoir."\n\nL'ancien moine est silencieux, son visage immobile. Est-ce qu'il pense ? Soudainement - PAF - il me frappe sur la tête. Je suis en colère, mais le moine me demande patiemment :;;;;;;;;;;;;x
meditation.22.a;“If nothing exists, where did that anger come from?”;"Si rien n'existe, d'où vient cette colère ?";;;;;;;;;;;;x
meditation.23.name;To Know and Not Know;Savoir et ne pas savoir;;;;;;;;;;;;x
meditation.23.desc;There is a kind and patient senior monk at the temple who has always provided me with good advice and insight. After a meditation session, I ask him, “What happens to an enlightened man after death?”\nHe replies, “I don’t know.”\nI subsequently ask, “But aren’t you a master?”\n”Yes,” he says, “But not a dead one.”;Il y a un vieux moine gentil et patient au temple qui m'a toujours fourni de bons conseils et une bonne idée. Après une séance de méditation, je lui demande : "Qu'arrive-t-il à un homme éclairé après la mort ?" Il répond : "Je ne sais pas."\nPar la suite, je demande : "Mais n'êtes-vous pas un maître ?"\n”Oui,” Oui, dit-il, "Mais pas mort.";;;;;;;;;;;;x
meditation.23.a;Oh! The future is unforeseeable. I must focus on the present.;Oh ! L'avenir est imprévisible. Je dois me concentrer sur le présent.;;;;;;;;;;;;x
meditation.23.b;Ah. A wise man knows that he knows nothing.;Ah. Un homme sage sait qu'il ne sait rien.;;;;;;;;;;;;x
meditation.24.name;Lotus Position;La position du Lotus;;;;;;;;;;;;x
meditation.24.desc;Many people, while doing sitting meditation, sit in the so-called half-lotus position, where only one foot is placed on the opposing thigh. Some more flexible individuals, though, can do the so-called full lotus position, where two feet are placed on the opposing thigh. However, few can learn this position without lots of practice.\n\nI myself, after a lot of practice, have managed to master the full lotus position without too much hassle. This should help me improve my meditation, as the monks say it naturally increases one’s concentration and mental ability.;Beaucoup de gens, tout en faisant une méditation assise, dans la position dite de demi-lotus, où un seul pied est placé sur la cuisse opposée. Certains individus plus souples, cependant, peuvent faire la soi-disant position du lotus, où deux pieds sont placés sur la cuisse opposée. Cependant, peu d'entre eux peuvent apprendre cette position sans beaucoup de pratique.\n\nAprès beaucoup de pratique, j'ai réussi à dominer la position du lotus sans trop de tracas. Cela devrait m'aider à améliorer ma méditation, car les moines disent que cela augmente naturellement la concentration et la capacité mentale.;;;;;;;;;;;;x
meditation.24.a;Let’s do this.;Faisons cela.;;;;;;;;;;;;x
meditation.25.desc;My attempts at more complicated meditation techniques have failed these past couple of days. Thus, I’ve decided that while meditating today, I’ll practice one of the most basic meditation techniques - trying to focus only on my breathing, and the sensation of my breath going in and out of my body.;Mes tentatives de techniques de méditation plus compliquées ont échoué ces deux derniers jours. Ainsi, j'ai décidé que, tout en méditant aujourd'hui, je vais pratiquer l'une des techniques de méditation les plus basiques - essayer de me concentrer uniquement sur ma respiration et la sensation de mon souffle entrant et sortant de mon corps.;;;;;;;;;;;;x
meditation.25.a;In… out… in… out...;Respirer ... expirer ... respirer ... expirer ...;;;;;;;;;;;;x
meditation.26.desc;During these meditation retreats, we’re not supposed to eat a lot - just enough to sustain ourselves. That said, since I am a [This.GetTitle], I could easily get away with taking more food than I am normally given.;Au cours de ces retraites de méditation, nous ne sommes pas censés manger beaucoup - juste assez pour nous soutenir. Cela dit, puisque je suis [This.GetTitle], je pourrais facilement m'abandonner en prenant plus de nourriture que je ne le pourrais normalement.;;;;;;;;;;;;x
meditation.26.a;I definitely need more food!;J'ai vraiment besoin de plus de nourriture !;;;;;;;;;;;;x
meditation.26.b;I will take just a little more food...;Je vais prendre un peu plus de nourriture ...;;;;;;;;;;;;x
meditation.26.c;No, I must practice self-control.;Non, je dois pratiquer la maîtrise de soi.;;;;;;;;;;;;x
meditation.26.d;I will fast for a few days if that’s what it takes!;Je jeûne pendant quelques jours s’il le faut !;;;;;;;;;;;;x
meditation.27.desc;I’m attempting to meditate with my eyes half-open, as some of the monks have recommended. Still, it’s distracting - I’m trying to clear my mind of useless thoughts, yet with my eyes half-open, I can still see some of things happening around me.;Je tente de méditer avec mes yeux à moitié ouvert, comme certains des moines l'ont recommandé. Pourtant, c'est une distraction - j'essaie de vider mes pensées inutiles, mais avec mes yeux à moitié ouverts, je peux encore voir des choses qui se passent autour de moi.;;;;;;;;;;;;x
meditation.27.a;Better try it with my eyes shut for now...;Mieux vaut le faire avec les yeux fermés pour l'instant ...;;;;;;;;;;;;x
meditation.28.desc;A method of meditation taught by the masters is so-called visualisation meditation, where one focuses on a specific Buddha or Bodhisattva. Aptitude with this form of meditation will greatly increase one’s chances of being born in a Buddha realm!;Une méthode de méditation enseignée par les maîtres est appelée méditation de visualisation, où l'on se concentre sur un Bouddha spécifique ou un Bodhisattva. L'aptitude à cette forme de méditation augmentera grandement sa chance de naître dans un royaume de Bouddha !;;;;;;;;;;;;x
meditation.28.a;I visualize Buddha Amitabha with all the concentration I can muster!;Je visualise le Bouddha Amitabha avec toute la concentration que je peux rassembler !;;;;;;;;;;;;x
meditation.29.desc;The robes I must wear during the meditation retreat are rather uncomfortable. I am not used to wearing these sorts of things everyday!;Les robes que je dois porter pendant la retraite de méditation sont plutôt inconfortables. Je ne suis pas habitué à porter ces sortes de choses tous les jours !;;;;;;;;;;;;x
meditation.29.a;However, I must wear them so I can concentrate.;Cependant, je dois les porter pour que je puisse me concentrer.;;;;;;;;;;;;x
meditation.30.desc;When today’s last meditation session ended, my legs were so numb I couldn’t walk. However, one of the monks noticed my trouble, and he showed me some techniques to relieve my legs of numbness I was previously unaware of.;Quand la dernière séance de méditation d'aujourd'hui s'est terminée, mes jambes étaient si engourdies que je ne pouvais pas marcher. Cependant, un des moines a remarqué mon problème, et il m'a montré quelques techniques pour soulager mes jambes des engourdissements.;;;;;;;;;;;;x
meditation.30.a;What a kind man!;Quel homme gentil !;;;;;;;;;;;;x
meditation.31.desc;The monks instruct me that meditation is a method for gaining inner peace, as well as a way to see the world more clearly. If I am calm and thoughtful, I’ll be wiser in my decisions and more virtuous in my conduct.;Les moines m'indiquent que la méditation est une méthode pour gagner la paix intérieure, ainsi qu'une façon de voir le monde plus clairement. Si je suis calme et réfléchi, je serai plus sage dans mes décisions et plus vertueux dans ma conduite.;;;;;;;;;;;;x
meditation.31.a;I must have a lot of self-control and patience.;Je dois avoir beaucoup de maîtrise de soi et de patience.;;;;;;;;;;;;x
meditation.31.b;Bah, why is this self-control and patience so difficult?;Bah, pourquoi cette maîtrise de soi et de patience est-elle si difficile ?;;;;;;;;;;;;x
meditation.32.desc;Sitting still is so difficult! How do these monks manage it? My buttocks are in pain, I am constantly falling asleep... it is so difficult to concentrate while meditating. I could just pretend to be meditating while thinking about other things - that would be much easier, but then that would defeat the purpose of meditation.;La séance est toujours si difficile ! Comment ces moines le gèrent-ils ? Mes fesses sont douloureuses, je m'endors constamment ... il est si difficile de se concentrer en méditant. Je pourrais juste prétendre méditer tout en pensant à d'autres choses - cela serait beaucoup plus facile, mais cela irait à l'encontre du but de la méditation.;;;;;;;;;;;;x
meditation.32.a;I take a deep breath, then redouble my efforts to concentrate.;Je respire profondément, puis redouble mes efforts pour me concentrer.;;;;;;;;;;;;x
meditation.32.b;My mind starts wandering to pleasurable thoughts…;Mon esprit commence à errer dans des pensées agréables ...;;;;;;;;;;;;x
meditation.33.desc;Pleasurable fantasies overtake my mind while I’m supposed to be meditation. Delicious wines… scrumptious foods, sweet, salty, spicy… and the most beautiful women, with luscious curves and - WHACK! Suddenly, one of the higher-ranked monks patrolling the meditation room birches one of the novice monks who was falling asleep. ;Des fantasmes agréables dépassent mon esprit alors que je suis supposé être à la méditation. Des vins délicieux ... des aliments délicieux, doux, salés, épicés ... et les plus belles femmes, avec des courbes délicieuses et - PAF ! - Soudainement, l'un des moines les mieux classés patrouillant la salle de méditation frappe un des moines novices qui s'endormait.;;;;;;;;;;;;x
meditation.33.a;Back to meditating! Breathe in, breath out…;Retour à la méditation ! Respirer expirer ...,;;;;;;;;;;;;x
didnt_get_caught_not_meditating;Good thing I didn’t get caught!;Bien, je n'ai pas été pris !;;;;;;;;;;;;x
meditation.34.desc;Usually during retreats, participants sleep very little - a few hours a night, in fact. Yet, I’ve never felt more energized. The senior monks say that if one meditates well, one can reduce the need to sleep.;D'habitude, pendant les retraites, les participants dorment très peu - quelques heures par nuit, en fait. Pourtant, je ne me suis jamais senti plus excité. Les anciens moines disent que si l'on médite bien, on peut réduire le besoin de dormir.;;;;;;;;;;;;x
meditation.34.a;Amazing.;Génial.;;;;;;;;;;;;x
meditation.35.desc;I think I fell asleep while meditating today. Thankfully no one noticed… right?;Je pense que je me suis endormi en méditant aujourd'hui. Heureusement, personne n'a remarqué ... n'est-ce pas ?;;;;;;;;;;;;x
meditation.35.a;Nervously I try to regain my composure.;Nerveusement, j'essaie de retrouver mon sang-froid.;;;;;;;;;;;;x
meditation.36.name;Live in the Moment;Vivre l'instant présent;;;;;;;;;;;;x
meditation.36.desc;When retreat participants aren’t meditating, praying, or engaging in some sort of spiritual practice, they also engage in philosophical and spiritual debates and discussions. It’s amazing seeing so many learned and wise monastics gathered together!\n\nIn my eagerness I approach one of the renowned, local monks, an old man known for his deep knowledge of the Dharma. I ask him, “Master, I am very eager to learn about the Dharma, and I would like to hear your opinion - what is enlightenment to you?”;Lorsque les participants à la retraite ne méditent pas, prient ou s'engagent dans une sorte de pratique spirituelle, ils s'engagent également dans des débats et discussions philosophiques et spirituels. Il est étonnant de voir tant de monastiques savants et sages rassemblés !\n\nDans mon empressement, j'approche un des moines locaux renommés, un vieil homme connu pour sa connaissance profonde du Dharma. Je lui demande : "Maître, je suis très désireux de connaître le Dharma, et j'aimerais entendre votre opinion, qu'est-ce que l'illumination, pour vous ?";;;;;;;;;;;;x
meditation.36.a;The master replies: "When hungry, eat. When tired, sleep.";Le maître répond : "Quand il a faim, mange. Quand il est fatigué, dormez".;;;;;;;;;;;;x
meditation.37.desc;During my retreat, I’ve noticed that one the old monks always goes outside and help the other monks tend the garden that provides most of the food we eat during the retreat. “Why do you work like this, despite being so old?”;Au cours de ma retraite, j'ai remarqué que les vieux moines vont toujours à l'extérieur et que les autres moines ont le jardin qui fournit la plupart des aliments que nous mangeons pendant la retraite. "Pourquoi travaillez-vous comme ça, en dépit d'être si vieux ?";;;;;;;;;;;;x
meditation.37.a;“No work, no food,” he replies.;"Pas de travail, pas de nourriture" répond-il.;;;;;;;;;;;;x
meditation.38.desc;As my ability to concentrate is not highly developed, the monks have suggested that I continuously (but quietly) chant a mantra or a similar prayer, and focus all my energy on that. That way, I can train my mind to concentrate on one single thing.;Comme ma capacité à se concentrer n'est pas très développée, les moines ont suggéré que je continue (mais silencieusement) à chanter un mantra ou une prière semblable, et je concentre toute mon énergie sur cela. De cette façon, je peux m'entraîner à me concentrer sur une seule chose.;;;;;;;;;;;;x
meditation.38.a;Namo Amitabhaya…;Namo Amitabhaya ...;;;;;;;;;;;;x
meditation.39.name;Going Outside;Aller dehors;;;;;;;;;;;;x
meditation.39.desc;I’ve decided to meditate outside today, rather than inside. Not everyone chooses to meditate this way, preferring the comforts of the inside, but some have said that meditating outside is a very different experience. As I sit down and begin meditating, I can already feel the difference.\n\nNormally, I am so busy with work that I rarely think about what is happening in the world around me. I hear the birds, the insects, the rustling of the trees, the wind as it blows from the heavens above…;J'ai décidé de méditer à l'extérieur aujourd'hui, plutôt que de l'intérieur. Tout le monde ne choisit pas de méditer de cette façon, préférant le confort de l'intérieur, mais certains ont déclaré que la méditation à l'extérieur est une expérience très différente. Alors que je me suis assis et je commence à méditer, je peux déjà ressentir la différence.\n\nNormalement, je suis tellement occupé avec le travail que je pense rarement à ce qui se passe dans le monde qui m'entoure. J'entends les oiseaux, les insectes, le bruissement des arbres, le vent comme il souffle ...;;;;;;;;;;;;x
meditation.39.a;This is… refreshing.;C'est ... rafraîchissant.;;;;;;;;;;;;x
meditation.40.desc;What am I? Am I? Am I not?;Que suis je ? Suis-je ? Ne suis-je pas ?;;;;;;;;;;;;x
meditation.40.a;Never mind. Meditating on these questions will distract me.;Ça ne fait rien. Méditer sur ces questions me distrait.;;;;;;;;;;;;x
meditation.41.desc;When I begun doing meditation retreats, I used to probe many different spiritual and philosophical questions and provide myself of many different answers. As I have gained more and more insight, I notice I have less and less questions, and less and less answers.;Lorsque j'ai commencé à faire des retraites de méditation, j'avais l'habitude d'examiner de nombreuses questions spirituelles et philosophiques différentes et de me fournir de nombreuses réponses différentes. Comme j'ai acquis de plus en plus d'informations, je remarque que j'ai de moins en moins de questions et de moins en moins de réponses.;;;;;;;;;;;;x
meditation.41.a;The masters say this is a good thing.;Les maîtres disent que c'est une bonne chose.;;;;;;;;;;;;x
meditation.42.desc;As I eat my vegetarian meal for breakfast, I concentrate on the moment. The food. The texture. The smells. The sensation of my mouth moving up and down, chewing. My hands guiding the food into my mouth. Every inch of my body as it prepares to receive the food.;Comme je mange mon repas végétarien pour le petit-déjeuner, je me concentre sur le moment. La nourriture. La texture. Les odeurs. La sensation de ma bouche se déplaçant vers le haut et vers le bas, mâchant. Mes mains guidant la nourriture dans ma bouche. Chaque pouce de mon corps se prépare à recevoir la nourriture.;;;;;;;;;;;;x
meditation.42.a;One must meditate in everything one does!;Il faut méditer dans tout ce que l'on fait !;;;;;;;;;;;;x
mu_zen;"Mu" (i.e., emptiness);"Mu" (c'est-à-dire, le vide);;;;;;;;;;;;x
meditation.43.desc;Why?;Pourquoi ?;;;;;;;;;;;;x
meditation.43.a;Why not?;Pourquoi pas ?;;;;;;;;;;;;x
meditation.43.b; ; ;;;;;;;;;;;;x
meditation.44.desc;I am meditating outside with several monks. I suddenly notice a small insect crawling under the sun, so I pick it up and leave it under the shade of a tree.;Je médite à l'extérieur avec plusieurs moines. Je remarque soudain un petit insecte qui traverse sous le soleil, alors je le ramène et le laisse sous l'ombre d'un arbre.;;;;;;;;;;;;x
meditation.44.a;I then return to meditate.;Je retourne à ma méditation.;;;;;;;;;;;;x
meditation.45.desc;My efforts in meditation has given me much insight into natural phenomena. With greater concentration and patience, I discern minute details about the world I would have never noticed otherwise.;Mes efforts de méditation m'ont permis de mieux comprendre les phénomènes naturels. Avec plus de concentration et de patience, je discerne des détails minutieux sur le monde que je n'aurais jamais remarqué autrement.;;;;;;;;;;;;x
meditation.45.a;I must not, however, get so attached to such abilities.;Je ne dois cependant pas être attaché à de telles capacités.;;;;;;;;;;;;x
meditation.46.desc;I fell asleep while meditating today. However, I am neither bothered nor not bothered by my lack of diligence, making sure not to pass unnecessary judgement on my mistake.;Je me suis endormi en méditant aujourd'hui. Cependant, je ne suis ni dérangé ni dérangé par mon manque de diligence, en veillant à ne pas passer un jugement inutile sur mon erreur.;;;;;;;;;;;;x
meditation.46.a;I quietly resume meditation.;Je reprends tranquillement la méditation.;;;;;;;;;;;;x
meditation.47.desc;xxxxx;xxxxx;;;;;;;;;;;;x
meditation.47.a;xxxxx;xxxxx;;;;;;;;;;;;x
