title_despot;Symbasileus;Symbasileus;Symbasileus;;Symbasileus;;;;;;;;;x
title_despot_desc;Symbasileus was a title bestowed upon the oldest sons of Emperors when they were crowned as co-Emperors alongside their Father.;Symbasileus était un titre accordé aux fils aînés des empereurs quand ils étaient couronnés comme co-empereurs aux côtés de leur père.;Despot ist der höchste Ehrentitel im Byzantinischen Kaiserreich und untersteht nur dem Kaiser. Er kann nur engen Verwandten verliehen werden, traditionell dem ältesten Sohn.;;El título honorífico de déspota era el más importante del Imperio Bizantino después del de emperador. Puede otorgarse a los familiares cercanos, tradicionalmente al hijo mayor.;;;;;;;;;x
EVTDESC1000109004;After singing the ancient hymns and performing the correct rituals and ceremonies, we have presented [Root.Religion.GetRandomGodName] with a great offering of sacrificed animals, lovely fragrances, and other materials. Surely the deities will be pleased with this! Thus, the great sacrifice has been completed for this year.;Après avoir chanté les hymnes antiques et exécuté les rituels et cérémonies corrects, nous avons présenté à [Root.Religion.GetRandomGodName] une grande offrande d'animaux sacrifiés, de parfums agréables et d'autres matériaux. Les divinités seront sûrement satisfaites de cela ! Ainsi, le grand sacrifice a été accompli pour cette année.;;;;;;;;;;x
EVTOPTA1000109004;May there be peace between heaven and earth.;Qu'il y ait la paix entre le ciel et la terre.;May there be peace between heaven and earth.;;May there be peace between heaven and earth.;;;;;;;;;x
obj_live_to_old_age_title;Live to Old Age;Vivre jusqu'à la vieillesse;;;;;;;;;;;;x
obj_live_to_old_age_desc;[This.GetTitledFirstName] wants to live a long and fulfilling life.;[This.GetTitledFirstName] veut vivre une vie longue et épanouissante.;;;;;;;;;;;;x
obj_gain_virtue_title;Gain a Virtue;Obtenir une vertu;;;;;;;;;;;;x
obj_gain_virtue_desc;[This.GetTitledFirstName] currently doesn't have one of the seven virtues, and would like to have one.;[This.GetTitledFirstName] n'a pas actuellement l'une des sept vertus, et aimerait en avoir une.;;;;;;;;;;;;x
obj_find_hobby_title;Find a hobby;Trouver un passe-temps;;;;;;;;;;;;x
obj_find_hobby_desc;[This.GetTitledFirstName] desires to get involved in some sort of hobby.;[This.GetTitledFirstName] désire s'impliquer dans une sorte de passe-temps.;;;;;;;;;;;;x
obj_find_love_title;Find Love;Trouver l'amour;;;;;;;;;;;;x
obj_find_love_desc;[This.GetTitledFirstName] desires to fill a void in [This.GetHerHis] life by finding someone to spend [This.GetHerHis] life with.;[This.GetTitledFirstName] désire combler un vide dans sa vie en trouvant quelqu'un avec qui passer sa vie.;;;;;;;;;;;;x
obj_wage_holy_war_title;Wage Holy War;Mener une guerre sainte;;;;;;;;;;;;x
obj_wage_holy_war_desc;[This.GetTitledFirstName] wishes to fight against infidels and heathens in the name of [This.GetHerHis] faith!;[This.GetTitledFirstName] veut lutter contre les infidèles et les païens au nom de sa foi !;;;;;;;;;;;;x
obj_have_a_grandchild_title;Have a grandchild;Avoir un petit-enfant;;;;;;;;;;;;x
obj_have_a_grandchild_desc;[This.GetTitledFirstName] wishes to have a grandchild.;[This.GetTitledFirstName] souhaite avoir un petit-enfant.;;;;;;;;;;;;x
obj_have_no_worries_title;Have no worries;N'avoir aucune inquiétude;;;;;;;;;;;;x
obj_have_no_worries_desc;[This.GetTitledFirstName] wants to be happy again and live a normal life.;[This.GetTitledFirstName] veut être heureux à nouveau et mener une vie normale.;;;;;;;;;;;;x
obj_go_traveling_title;Go Traveling;Partir en voyage;;;;;;;;;;;;x
obj_go_traveling_desc;[This.GetTitledFirstName] wishes to travel away from home.;[This.GetTitledFirstName] souhaite voyager loin de chez lui.;;;;;;;;;;;;x
title_lawspeaker;Lawspeaker;Lögsögumad;Lögsögumaður;;Lagman;;;;;;;;;x
title_lawspeaker_desc;A lawspeaker was a unique Scandinavian legal office. It has its basis in a common Germanic oral tradition, where wise men were asked to recite the law, but it was only in Scandinavia that the function evolved into an office.;Un Lögsögumad était une position légale scandinave unique en son genre. Elle a, comme base, dans une tradition orale germanique commune, où les sages ont été invités à réciter la loi, mais ce n'est qu'en Scandinavie que la fonction a évolué en bureau.;A lawspeaker was a unique Scandinavian legal office. It has its basis in a common Germanic oral tradition, where wise men were asked to recite the law, but it was only in Scandinavia that the function evolved into an office.;;A lawspeaker was a unique Scandinavian legal office. It has its basis in a common Germanic oral tradition, where wise men were asked to recite the law, but it was only in Scandinavia that the function evolved into an office.;;;;;;;;;x
title_lique_mekwas;Lique Mekwas;Lique Mekwas;Lique Mekwas;;Lique Mekwas;;;;;;;;;x
title_lique_mekwas_desc;The Lique Mekwas was an impersonator or double of the Emperor, who accompanied him in battle. Two trusted and highly favored officials were given this title. They always walked or rode on either side of the monarch in battle, or in public processions, dressing as magnificently, or more magnificently then he, in order to distract assassins.;Le Lique Mekwas était un imposteur ou double de l'Empereur, qui l'accompagnait au combat. Ce titre a été décerné à deux fonctionnaires de confiance et très favorisés. Ils marchaient ou chevauchaient toujours de part et d'autre du monarque au combat ou lors de processions publiques, s'habillant magnifiquement, ou plus magnifiquement que lui, pour distraire les assassins.;The Lique Mekwas was an impersonator or double of the Emperor, who accompanied him in battle. Two trusted and highly favored officials were given this title. They always walked or rode on either side of the monarch in battle, or in public processions, dressing as magnificently, or more magnificently then he, in order to distract assassins.;;The Lique Mekwas was an impersonator or double of the Emperor, who accompanied him in battle. Two trusted and highly favored officials were given this title. They always walked or rode on either side of the monarch in battle, or in public processions, dressing as magnificently, or more magnificently then he, in order to distract assassins.;;;;;;;;;x
title_belen_tigui;Belen-Tigui;Belen-Tigui;Belen-Tigui;;Belen-Tigui;;;;;;;;;x
title_belen_tigui_desc;In the Malian Empire, the Belen-Tigui, or master of ceremonies, was an important office within the Gbara, an assembly of nobles and important figures that at times had authority equal to that of the king.;Dans l'Empire malien, le Belen-Tigui, ou maître de cérémonie, était un poste important au sein du Gbara, une assemblée de nobles et de personnages importants qui avaient parfois une autorité égale à celle du roi.;In the Malian Empire, the Belen-Tigui, or master of ceremonies, was an important office within the Gbara, an assembly of nobles and important figures that at times had authority equal to that of the king.;;In the Malian Empire, the Belen-Tigui, or master of ceremonies, was an important office within the Gbara, an assembly of nobles and important figures that at times had authority equal to that of the king.;;;;;;;;;x
title_court_griot;Court Griot;Griot de la cour;Court Griot;;Court Griot;;;;;;;;;x
title_court_griot_desc;A griot is a West African historian, storyteller, praise singer, poet and/or musician and a repository of oral tradition. As such, they are sometimes also called bards. In the Malian empire, there would be entire families of aristocratic griots who would advise and entertain rulers.;Un griot est un historien, conteur, chanteur de louanges, poète et musicien ouest-africain et un dépositaire de la tradition orale. En tant que tels, ils sont parfois aussi appelés bardes. Dans l'empire malien, il y aurait des familles entières de griots aristocratiques qui conseilleraient et divertiraient les dirigeants.;A griot is a West African historian, storyteller, praise singer, poet and/or musician and a repository of oral tradition. As such, they are sometimes also called bards. In the Malian empire, there would be entire families of aristocratic griots who would advise and entertain rulers.;;A griot is a West African historian, storyteller, praise singer, poet and/or musician and a repository of oral tradition. As such, they are sometimes also called bards. In the Malian empire, there would be entire families of aristocratic griots who would advise and entertain rulers.;;;;;;;;;x
title_kanikleios;Kanikleios;Kanikleios;Kanikleios;;Kanikleios;;;;;;;;;x
title_kanikleios_desc;The Kanikleios was the keeper of the imperial inkstand, one of the senior officials of the imperial chancery. In the Komnenian and Palaiologan period, the office was often given to trusted aides by the emperors, who functioned as effective chief ministers.;Les Kanikleios étaient les gardiens de l'encrier impérial, l'un des hauts fonctionnaires de la chancellerie impériale. À l'époque komnénienne et palaïlo-galayologienne, le bureau était souvent confié à des assistants de confiance par les empereurs, qui fonctionnaient comme des ministres en chefs efficaces.;The Kanikleios was the keeper of the imperial inkstand, one of the senior officials of the imperial chancery. In the Komnenian and Palaiologan period, the office was often given to trusted aides by the emperors, who functioned as effective chief ministers.;;The Kanikleios was the keeper of the imperial inkstand, one of the senior officials of the imperial chancery. In the Komnenian and Palaiologan period, the office was often given to trusted aides by the emperors, who functioned as effective chief ministers.;;;;;;;;;x
title_protospatharios;Protospatharios;Protospatharios;Protospatharios;;Protospatharios;;;;;;;;;x
title_protospatharios_desc;Protospatharios was originally the title borne by the leader of the spatharioi ("swordbearers," the Emperor's bodyguards). Later on, it became one of the highest court dignities of the Byzantine Empire, awarded to senior generals and provincial governors, as well as to foreign princes.;Le Protospatharios était à l'origine le titre porté par le chef des spatharioi ("porteurs d'épée", les gardes du corps de l'Empereur). Plus tard, il devint l'une des plus hautes dignités de la cour de l'Empire byzantin, décernée à des généraux supérieurs et gouverneurs de province, ainsi qu'à des princes étrangers.;Protospatharios was originally the title borne by the leader of the spatharioi ("swordbearers," the Emperor's bodyguards). Later on, it became one of the highest court dignities of the Byzantine Empire, awarded to senior generals and provincial governors, as well as to foreign princes.;;Protospatharios was originally the title borne by the leader of the spatharioi ("swordbearers," the Emperor's bodyguards). Later on, it became one of the highest court dignities of the Byzantine Empire, awarded to senior generals and provincial governors, as well as to foreign princes.;;;;;;;;;x
title_nagid;Nagid;Naggid;;;;;;;;;;;;x
title_nagid_desc;Nagid is a Hebrew term meaning a prince or leader. This title was often applied to the religious leader in Sephardic communities of the Middle Ages, generally in Egypt.;Le Naggid est un terme hébreu signifiant prince ou chef. Ce titre s'appliquait souvent au chef religieux dans les communautés séfarades du Moyen Âge, généralement en Égypte.;;;;;;;;;;;;x
title_marcher_lord;Marcher Lord;Seigneur de marche;;;;;;;;;;;;x
title_marcher_lord_desc;A Marcher Lord was a strong and trusted noble appointed by the King of England to guard the border (known as the Welsh Marches) between England and Wales.;Un Seigneur de marche était un noble fort et digne de confiance nommé par le roi d'Angleterre pour garder la frontière (connue sous le nom de marches galloises) entre l'Angleterre et le Pays de Galles.;;;;;;;;;;;;x
DEATH_MOTHER_CHILDBIRTH;died giving birth.;mort en donnant naissance.;died giving birth.;;died giving birth.;;;;;;;;;x
DEATH_CHILD_CHILDBIRTH;died at birth.;mort à la naissance.;died at birth.;;died at birth.;;;;;;;;;x
EVTDESC1000109005;I’m coming out into this world!;Je vais sortir dans ce monde !;;;;;;;;;;x
EVTOPTA1000109005;Waaaaah!;Waaaaah !;;;;;;;;;;x
EVTDESC1000109006;After giving birth to my child, you feel as if my energy is being drained, perhaps too much. Everything is getting dark now, and even the voices of people screaming around you are fading away into nothingness. In a short while, you will begin your journey into the afterlife...;Après avoir donné naissance à mon enfant, vous avez l'impression que votre énergie s'épuise, peut-être trop. Tout s'assombrit maintenant, et même les voix des gens qui crient autour de vous s'évanouissent dans le néant. Dans peu de temps, vous commencerez votre voyage dans l'au-delà ...;;;;;;;;;;x
EVTOPTA1000109006;Oh [Root.Religion.GetRandomGodName], at least let my child live!;Oh [Root.Religion.GetRandomGodName], laissez au moins mon enfant vivre !;;;;;;;;;;x
EVTDESC1000109007;I’ve died shortly being born.;Je suis mort peu de temps après ma naissance.;;;;;;;;;;x
EVTOPTA1000109007;May [Root.Religion.GetRandomGodName] have mercy on my soul.;Puisse [Root.Religion.GetRandomGodName] avoir pitié de mon âme.;;;;;;;;;;x
EVTDESC1000109204;My children will also learn the local customs and language, just as I have.;Mes enfants apprendront aussi les coutumes et la langue locale, tout comme moi.;;;;;;;;;;;;x
EVTOPTA1000109204;Listen to what I say!;Écoutez ce que je dis !;;;;;;;;;;;;x
faction_succ_tanistry_desc;Members seek to institute succession by Tanistry in [This.GetName]. When sufficiently powerful, §Y[From.GetBestName]§! may present an ultimatum to §Y[From.Liege.GetBestName]§!.;Les membres cherchent à instituer une succession par Tanistrie à [This.GetName]. Quand ils sont suffisamment puissants, §Y[From.GetBestName]§! peut présenter un ultimatum à §Y[From.Liege.GetBestName]§!.;Members seek to institute succession by Tanistry in [This.GetName]. When sufficiently powerful, §Y[From.GetBestName]§! may present an ultimatum to §Y[From.Liege.GetBestName]§!.;;Members seek to institute succession by Tanistry in [This.GetName]. When sufficiently powerful, §Y[From.GetBestName]§! may present an ultimatum to §Y[From.Liege.GetBestName]§!.;;;;;;;;;x
faction_succ_tanistry_short;Tanistry Succession;Succession par tanistrie;Tanistry Succession;;Tanistry Succession;;;;;;;;;x
faction_succ_tanistry_title;Tanistry Succession in [This.GetName];Succession par tanistrie à [This.GetName];Tanistry Succession in [This.GetName];;Tanistry Succession in [This.GetName];;;;;;;;;x
faction_succ_ultimogeniture_desc;Members seek to institute succession by Ultimogeniture in [This.GetName]. When sufficiently powerful, §Y[From.GetBestName]§! may present an ultimatum to §Y[From.Liege.GetBestName]§!.;Les membres d'une faction cherchent à établir la succession par ultimogéniture à [This.GetName]. Une fois son soutien assuré, §Y[From.GetBestName]§! pourra lancer un ultimatum à §Y[From.Liege.GetBestName]§!.;Mitglieder streben die Einführung einer Nachfolge nach Ultimogenitur in [This.GetName] an. Sobald §Y[From.GetBestName]§! mächtig genug ist, könnte §Y[From.Liege.GetBestName]§! ein Ultimatum gestellt werden.;;Pretenden instaurar la sucesión por Ultimogenitura en [This.GetName]. Cuando sean suficientemente poderosos, §Y[From.GetBestName]§! podrá enviar un ultimátum a §Y[From.Liege.GetBestName]§!.;;;;;;;;;x;;
faction_succ_ultimogeniture_short;Ultimogeniture Succession;Succession par ultimogéniture;Nachfolge nach Ultimogenitur;;Sucesión por Ulyimogenitura;;;;;;;;;x;;
faction_succ_ultimogeniture_title;Ultimogeniture Succession in [This.GetName];Succession par ultimogéniture à [This.GetName];Nachfolge nach Ultimogenitur in [This.GetName];;Sucesión por Ultimogenitura en [This.GetName];;;;;;;;;x;;
CB_NAME_TANISTRY_SUCCESSION_LAW;Tanistry Succession Law;Loi de Succession pour la Tanistrie;Tanistry Succession Law;;Tanistry Succession Law;;;;;;;;;x
CB_NAME_ULTIMOGENITURE_SUCCESSION_LAW;Ultimogeniture Succession Law;Loi de Succession pour la Ultimogéniture;Jüngestenrecht-Nachfolgegesetz;;Ley de sucesión por ultimogenitura;;;;;;;;;x
WAR_NAME_TANISTRY_SUCCESSION_LAW;$ORDER$$SECOND_ADJ$ Civil War for Tanistry;$ORDER$$SECOND_ADJ$ Guerre Civile pour la Tanistrie;$ORDER$$SECOND_ADJ$ Civil War for Tanistry;;$ORDER$$SECOND_ADJ$ Civil War for Tanistry;;;;;;;;;x
WAR_NAME_ULTIMOGENITURE_SUCCESSION_LAW;$ORDER$$SECOND_ADJ$ Civil War for Ultimogeniture;$ORDER$ Guerre civile $SECOND_ADJ$ pour la Ultimogéniture;$ORDER$$SECOND_ADJ$ Bürgerkrieg um Jüngestenrecht;;$ORDER$Guerra civil $SECOND_ADJ$ por ultimogenitura;;;;;;;;;x
change_tanistry_succession_law_desc;§Y$CLAIMANT$§! can declare war to change the succession law in the §Y$TITLE$§! to tanistry!;§Y$CLAIMANT$§! peut déclarer la guerre pour changer la loi de succession à §Y$TITLE$§! pour la Tanistrie !;§Y$CLAIMANT$§! can declare war to change the succession law in the §Y$TITLE$§! to tanistry!;;§Y$CLAIMANT$§! can declare war to change the succession law in the §Y$TITLE$§! to tanistry!;;;;;;;;;x
change_ultimogeniture_succession_law_desc;§Y$CLAIMANT$§! can declare war to change the succession law in the §Y$TITLE$§! to ultimogeniture!;Le(la) §Y$CLAIMANT$§! peut déclarer la guerre pour imposer une loi de succession basée sur la ultimogéniture du §Y$TITLE$§!;§Y$CLAIMANT$§! kann einen Krieg erklären, um das Nachfolgerecht für den Titel §Y$TITLE$§! auf Jüngestenrecht zu ändern.;;¡§Y$CLAIMANT$§! puede declarar la guerra para basar la ley de sucesión del §Y$TITLE$§! en la ultimogenitura!;;;;;;;;;x
faction_succ_ultimogeniture_ultimatum_timer;Ultimatum sent;Ultimatum envoyé;Ultimatum sent;;Ultimatum sent;;;;;;;;;x
faction_succ_tanistry_ultimatum_timer;Ultimatum sent;Ultimatum envoyé;Ultimatum sent;;Ultimatum sent;;;;;;;;;x
faction_succ_tanistry_ultimatum;Demander la succession par Tanistrie;Demander la succession par Tanistrie;;;;;;;;;;;;x
faction_succ_tanistry_ultimatum_desc;Present an ultimatum to §Y[Root.Liege.GetBestName]§!, demanding succession by Tanistry. If [Root.Liege.GetSubjectPronoun] refuses to comply, your Faction will rise in revolt.;Présentez un ultimatum à §Y[Root.Liege.GetBestName]§!, exigeant une succession par Tanistrie. Si [Root.Liege.GetSubjectPronoun] refuse, votre faction se révoltera.;;;;;;;;;;;;x
faction_succ_ultimogeniture_ultimatum;Demand Succession by Ultimogeniture;Demande de succession par ultimogéniture;Nachfolge nach Ultimogenitur fordern;;Reclamar la sucesión por Ultimogenitura;;;;;;;;;x;;
faction_succ_ultimogeniture_ultimatum_desc;Present an ultimatum to §Y[Root.Liege.GetBestName]§!, demanding succession by Ultimogeniture. If [Root.Liege.GetSubjectPronoun] refuses to comply, your Faction will rise in revolt.;Présentez un ultimatum à §Y[Root.Liege.GetBestName]§! pour exiger la succession par ultimogéniture. Si [Root.Liege.GetSubjectPronoun] refuse votre requête, votre faction prendra alors les armes.;Stellt §Y[Root.Liege.GetBestName]§! ein Ultimatum und fordert die Nachfolge nach Ultimogenitur. Sollte [Root.Liege.GetSubjectPronoun] dies ablehnen, wird Eure Fraktion einen Aufstand anzetteln.;;Enviar un ultimátum a §Y[Root.Liege.GetBestName]§!, reclamando la sucesión por Ultimogenitura. Si [Root.Liege.GetSubjectPronoun] se niega a concederla, tu Facción se sublevará.;;;;;;;;;x;;
EVTDESC1000109205;You’re a small child - the world around you is so new and so dangerous! Many children don’t live to see adulthood, but perhaps you’ll be luckier.;Vous êtes un jeune enfant - le monde autour de toi est si nouveau et si dangereux ! Beaucoup d'enfants ne vivent pas pour voir l'âge adulte, mais peut-être serez-vous plus chanceux.;;;;;;;;;;x
EVTOPTA1000109205;Waaaaaaaaaaaaaah.;Waaaaaaaaaaaaaah.;;;;;;;;;;x
EVTDESC1000109206;You’ve survived the crucial first few years of life, outliving many other unfortunate children who died due to their frail health. Of course, this only means your life has begun - many new surprises and dangers await.;Vous avez survécu aux premières années cruciales de la vie, survivant à de nombreux autres enfants malheureux qui sont morts à cause de leur santé fragile. Bien sûr, cela signifie seulement que votre vie a commencé - beaucoup de nouvelles surprises et dangers vous attendent.;;;;;;;;;;x
EVTOPTA1000109206;I’m a big kid now!;Je suis un grand enfant maintenant !;;;;;;;;;;x
EVTDESC1000109210;The [Root.Religion.GetName] faith has done much this year in the name of [Root.Religion.GetRandomGodName].;La foi [Root.Religion.GetName] a fait beaucoup cette année au nom de [Root.Religion.GetRandomGodName].;;;;;;;;;;x
EVTOPTA1000109210;Good.;Bien.;;;;;;;;;;x
EVTDESC1000109211;I'm not supposed to be Jewish - my parents certainly aren't!;Je ne suis pas supposé être juif - mes parents ne le sont certainement pas !;;;;;;;;;;x
EVTOPTA1000109211;I'll convert back to my parents religion immediately.;Je vais me convertir immédiatement à la religion de mes parents.;;;;;;;;;;x
EVTOPTB1000109211;Never!;Jamais !;;;;;;;;;;x
VIETmisc.1.desc;I desire for a child to carry on my name and legacy, that my great dynasty will survive until the end of days!;Je désire qu'un enfant porte mon nom et mon héritage, que ma grande dynastie survive jusqu'à la fin des temps !;;;;;;;;;;;;x
VIETmisc.1.a;Let’s hope this works...;Espérons que ça marche ...;;;;;;;;;;;;x
VIETmisc.2.desc;My efforts to make a child have been fulfilled.;Mes efforts pour faire un enfant ont été accomplis.;;;;;;;;;;;;x
VIETmisc.2.a;Thank the heavens my wish was fulfilled.;Dieu merci, mon vœu a été exaucé.;;;;;;;;;;;;x
title_noyan;Dog of War;Chien de guerre;;;;;;;;;;;;x
title_noyan_desc;During the Mongol world conquests, Genghis Khan named four of his top generals as so-called "Dogs of War" - Subotai, Jebe, Jelme, and Khubilai. They were considered his most trusted and most capable military commanders, and they played key roles in several of Genghis Khan's campaigns. The title probably came about because Mongols had a lot of dogs, and dogs were very useful for people's lives in hunting and warnings.;Pendant les conquêtes du monde mongol, Genghis Khan nomma quatre de ses meilleurs généraux en tant que "Chiens de Guerre"- Subotai, Jebe, Jelme et Khubilai. Ils étaient considérés comme ses commandants militaires les plus fiables et les plus compétents, et ils ont joué un rôle clé dans plusieurs des campagnes de Gengis Khan. Le titre est probablement venu parce que les Mongols avaient beaucoup de chiens, et les chiens étaient très utiles pour la vie des gens dans la chasse et les avertissements.;;;;;;;;;;;;x
obj_follow_truth_title;Follow Asha (Truth);Suivre Asha (Vérité);;;;;;;;;;;;x
obj_follow_truth_desc;[This.GetTitledFirstName] wants to practice honesty, a virtue highly revered by Zoroastrians.;[This.GetTitledFirstName] veut être l'honnêteté, une vertu hautement vénérée par les Zoroastriens.;[This.GetTitledFirstName];;[This.GetTitledFirstName];;;;;;;;;x
title_amir_al_umara;Amir al-Umara;Amir al-Umara;;;;;;;;;;;;x
title_amir_al_umara_desc;The office of Amir al-Umara was originally a title (also referred to as "emir of emirs," "chief emir," and "commander of commanders) used in the Abbasid Caliphate and various Muslim realms to senior military leaders. The Norman monarchs of Sicily, influenced by Sicily's Arabic past, continued using various Arabic terms in their administration, including the "Amir al-Umara." The holders of this title had both civilian and military authority.;Le bureau d'Amir al-Umara était à l'origine un titre (également appelé "émir des émirs","émir en chef" et "commandant des commandants") utilisé durant le califat abbasside et divers royaumes musulmans pour les hauts dirigeants militaires. Les monarques normands de Sicile, influencés par le passé arabe de la Sicile, ont continué d'utiliser divers termes arabes dans leur administration, y compris "Amir al-Umara". Les titulaires de ce titre avaient une autorité à la fois civile et militaire.;;;;;;;;;;;;x
VIETmisc.4.desc;My spouse is Jewish. This is not good for my reputation at all!;Mon/Ma Conjoint(e) est juif/ve. Ce n'est pas bon pour ma réputation du tout !;;;;;;;;;;;;x
VIETmisc.4.a;[Root.Spouse.GetSheHeCap] must be converted to the true faith!;[Root.Spouse.GetSheHeCap] doit être converti à la vraie foi !;;;;;;;;;;;;x
VIETmisc.5.tooltip;[Root.Spouse.GetTitledFirstName] is "persuaded" to convert to the [Root.Religion.GetName] faith.;[Root.Spouse.GetTitledFirstName] est "persuadé" de se convertir à la foi [Root.Religion.GetName].;;;;;;;;;;;;x
VIETmisc.5.desc;My spouse is demanding that I abandon my Jewish ways and convert to the [From.Religion.GetName] faith.;Mon/Ma conjoint(e) exige que je renonce à mes coutumes juives et que je me convertisse à la foi.;;;;;;;;;;;;x
VIETmisc.5.a;Oy vey! What choice do I have?;Oy vey ! Quel choix ai-je ?;;;;;;;;;;;;x
VIETmisc.5.b;I will not abandon the Jewish people! I live and die a Jew!;Je n'abandonnerai pas le peuple juif ! Je vis et meurs juif !;;;;;;;;;;;;x
VIETmisc.6.desc;My child is Jewish. This is not good for my reputation at all!;Mon enfant est juif. Ce n'est pas bon pour ma réputation du tout !;;;;;;;;;;;;x
VIETmisc.6.a;The child must be converted to the true faith!;L'enfant doit être converti à la vraie foi !;;;;;;;;;;;;x
VIETmisc.6.tooltip;[Root.GetTitledFirstName]'s child is "persuaded" to convert to the [Root.Religion.GetName] faith.;L'enfant de [Root.GetTitledFirstName] est "persuadé" de se convertir à la foi [Root.Religion.GetName].;;;;;;;;;;;;x
VIETmisc.7.desc;My parent is demanding that I abandon my Jewish ways and convert to the [From.Religion.GetName] faith.;Mon parent exige que j'abandonne mes habitudes juives et que je me convertisse à la foi.;;;;;;;;;;;;x
VIETmisc.7.a;Oy vey! What choice do I have?;Oy vey ! Quel choix ai-je ?;;;;;;;;;;;;x
VIETmisc.7.b;I will not abandon the Jewish people! I live and die a Jew!;Je n'abandonnerai pas le peuple juif ! Je vis et meurs juif !;;;;;;;;;;;;x
RETTYPE_CUL_JEWISH_WARRIOR;Jewish Warrior;Guerrier Juif;;;;;;;;;;;;x
ca_culture_jewish_1;Jewish Heavy Infantry Barracks;Caserne d’infanterie lourde juive;Übungsplatz für Judische Schwere Infanterie;;Barracas de Infantería Pesada judia;;;;;;;;;x
ca_culture_jewish_2;Jewish Heavy Infantry Barracks;Caserne d’infanterie lourde juive;Übungsplatz für Judische Schwere Infanterie;;Barracas de Infantería Pesada judia;;;;;;;;;x
ca_culture_jewish_3;Jewish Heavy Infantry Barracks;Caserne d’infanterie lourde juive;Übungsplatz für Judische Schwere Infanterie;;Barracas de Infantería Pesada judia;;;;;;;;;x
ca_culture_jewish_4;Jewish Heavy Infantry Barracks;Caserne d’infanterie lourde juive;Übungsplatz für Judische Schwere Infanterie;;Barracas de Infantería Pesada judia;;;;;;;;;x
ca_culture_jewish_5;Jewish Heavy Infantry Barracks;Caserne d’infanterie lourde juive;Übungsplatz für Judische Schwere Infanterie;;Barracas de Infantería Pesada judia;;;;;;;;;x
ca_culture_jewish_1_desc;This is where the elite infantry serving a Jewish ruler is trained. Special care is taken to equip the soldiers with the finest heavy armor that money can buy. This, combined with rigorous training and iron discipline, makes them an elite force to be truly feared.;C’est là que l’infanterie d’élite au service d’un seigneur juif s’entraîne. Une attention spéciale est donnée pour équiper les soldats avec les meilleures armures lourdes qui puissent être achetées. Cela, combiné avec l’entraînement rigoureux et une discipline de fer, font de ces soldats une terrifiante force d’élite.;;;Aquí es donde se entrena la infantería de élite que sirve a los señores judios. Se pone especial atención en equipar a los soldados con la mejor armadura que el dinero pueda comprar. Combinado esto con el entrenamiento riguroso y la disciplina férrea, hacen que estas fuerzas de élite sean realmente temidas.;;;;;;;;;x
RETTYPE_CUL_ASIAN_CHAMPION;Asian Champions;Champions asiatiques;;;;;;;;;;;;x
ca_culture_asian_1_desc;Mighty warriors dwell here, trained in the traditional martial arts of their people.;Des guerriers puissants habitent ici, entraînés dans les arts martiaux traditionnels de leur peuple.;;;;;;;;;;;;x
ca_culture_asian_1;Asian Barracks 1;Caserne asiatique 1;;;;;;;;;;;;x
ca_culture_asian_2;Asian Barracks 2;Caserne asiatique 2;;;;;;;;;;;;x
ca_culture_asian_3;Asian Barracks 3;Caserne asiatique 3;;;;;;;;;;;;x
ca_culture_asian_4;Asian Barracks 4;Caserne asiatique 4;;;;;;;;;;;;x
reject.VIET.courtiers;We don't need their help.;On n'a pas besoin de leur aide.;;;;;;;;;;x
VIETmisc.8.desc;The great [Root.GetTitledName] and all [Root.GetHerHis] vassals have converted and embraced the Hindu faith!;Le grand [Root.GetTitledName] et tous ses vassaux ont converti et embrassé la foi hindoue !;;;;;;;;;;x
VIETmisc.8.a;The time has come!;Le temps est venu !;;;;;;;;;;x
VIETmisc.8.b;This is good news indeed!;C'est une bonne nouvelle !;;;;;;;;;;x
VIETmisc.8.c;Strange... they change from worshipping one set of idols for another?;Étrange ... ils changent en adorant une série d'idoles pour une autre ?;;;;;;;;;;x
VIETmisc.9.desc;The great [Root.GetTitledName] and all [Root.GetHerHis] vassals have converted and embraced the Buddhist faith!;Le grand [Root.GetTitledName] et tous ses vassaux ont converti et embrassé la foi bouddhiste !;;;;;;;;;;x
VIETmisc.9.a;We shall protect the Buddha's message of compassion and wisdom!;Nous protégerons le message de compassion et de sagesse du Bouddha !;;;;;;;;;;x
VIETmisc.9.b;Good, the Buddhist faith, though peaceful, needs a strong protector!;Bon, la foi bouddhiste, bien que pacifique, a besoin d'un protecteur fort !;;;;;;;;;;x
VIETmisc.9.c;At least the Buddhists tend towards pacifism... right?;Au moins, les bouddhistes tendent vers le pacifisme, non ?;;;;;;;;;;x
VIETmisc.10.desc;The great [Root.GetTitledName] and all [Root.GetHerHis] vassals have converted and embraced the Jewish faith!;Le grand [Root.GetTitledName] et tous ses vassaux ont converti et embrassé la foi juive !;;;;;;;;;;x
VIETmisc.10.a;The time has come.;Le temps est venu.;;;;;;;;;;x
VIETmisc.10.b;Truly, Yahweh favors us! Our enemies shall tremble.;Vraiment, Yahvé nous favorise ! Nos ennemis trembleront.;;;;;;;;;;x
VIETmisc.10.c;Better that than pagan, I guess...;Mieux vaut ça qu'être païen, je suppose ...;;;;;;;;;;x
VIETmisc.10.d;Interesting.;Intéressant.;;;;;;;;;;x
VIETmisc.11.desc;The great [Root.GetTitledName] and all [Root.GetHerHis] vassals have converted and embraced the Zoroastrian faith!;Le grand [Root.GetTitledName] et tous ses vassaux ont converti et embrassé la foi zoroastrienne !;;;;;;;;;;x
VIETmisc.11.a;The holy fires shall never die out with us protecting them.;Les feux sacrés ne mourront jamais avec nous qui les protégeons.;;;;;;;;;;x
VIETmisc.11.b;Glorious news!;Une nouvelle glorieuse !;;;;;;;;;;x
VIETmisc.11.c;Oh my... will they avenge their Persian brothers by attacking good Muslims?;Oh mon Dieu... vont-ils venger leurs frères persans en attaquant de bons musulmans ?;;;;;;;;;;x
VIETmisc.11.d;Very well...;Très bien ...;;;;;;;;;;x
VIETmisc.16.desc;If you see this event this means you gave your character some of the age customizer traits in ruler designer. This event will remove these "invisible" traits to make the character interface screen look cleaner, and to ensure that the game no longer keeps track of these traits.;Si vous voyez cet événement, cela signifie que vous avez donné à votre personnage certains des traits de personnalisation de l'âge dans le créateur de personnage. Cet événement supprimera ces caractères "invisibles" pour rendre l'écran de l'interface de caractères plus propre et pour s'assurer que le jeu ne garde plus trace de ces traits.;;;;;;;;;;x
VIETmisc.19.desc;The great [Root.GetTitledName] and all [Root.GetHerHis] vassals have converted and embraced the Ibadi faith!;Le grand [Root.GetTitledName] et tous ses vassaux ont converti et embrassé la foi Ibadi !;;;;;;;;;;x
VIETmisc.19.a;Allahuakbar!;Allahuakbar !;;;;;;;;;;x
VIETmisc.19.b;Good news!;Bonne nouvelle !;;;;;;;;;;x
VIETmisc.19.c;I see...;Je vois ...;;;;;;;;;;x
VIETmisc.21.desc;The great [Root.GetTitledName] and all [Root.GetHerHis] vassals have converted and embraced the Yazidi faith!;Le grand [Root.GetTitledName] et tous les vassaux [Root.GetHerHis] se sont convertis et ont embrassé la foi Yazidi!;;;;;;;;;;x
VIETmisc.21.a;The time has come!;Le temps est venu !;;;;;;;;;;x
VIETmisc.21.b;Interesting news.;Intéressant nouvelle.;;;;;;;;;;x
VIETmisc.21.c;I see...;Je vois ...;;;;;;;;;;x
VIETmisc.23.desc;The great [Root.GetTitledName] and all [Root.GetHerHis] vassals have converted and embraced the Manichean faith!;Le grand [Root.GetTitledName] et tous ses vassaux ont converti et embrassé la foi manichéenne !;;;;;;;;;;x
VIETmisc.23.a;We are now children of the Light.;Nous sommes maintenant des enfants de la lumière.;;;;;;;;;;x
VIETmisc.23.b;May the light conquer and banish the darkness!;Que la lumière conquière et bannisse les ténèbres !;;;;;;;;;;x
VIETmisc.23.c;I see...;Je vois ...;;;;;;;;;;x
holy_war_on_pagan;Holy war on pagans requirements;Exigences de la guerre sainte sur les païens;;;;;;;;;;;;x
holy_war_on_pagan_desc;You have to meet these requirements to declare holy war on pagans. You also need to meet the base requirements (displayed on the war declaration screen if you fulfill the requirements listed on the decision screen), and potentially non-dejure requirements.;Vous devez remplir ces conditions pour déclarer la guerre sainte aux païens. Vous devez également répondre aux exigences de base (affichés sur l'écran de déclaration de guerre, si vous répondez aux exigences répertoriées dans l'écran de décision) et, éventuellement, aux exigences non erronés.;;;;;;;;;;;;x
raider;Raider;Pilleur;;;;;;;;;;;;x
raider_desc;This pagan has acquired much fame as a fearsome raider.;Ce païen a acquis beaucoup de notoriété en tant que pilleur redoutable.;;;;;;;;;;;;x
obj_become_notorious_raider_title;Become Notorious Raider;Devenir un pilleur notoire;;;;;;;;;;;;x
obj_become_notorious_raider_desc;[This.GetTitledFirstName] wants to become a notorious pagan raider, a pillager and looter known from Ireland to Constantinople, feared by friend and foe alike.;[This.GetTitledFirstName] veut devenir un pilleur païen notoire, un pillard connu de l'Irlande jusqu'à Constantinople, craint par ses amis comme par ses ennemis.;xx;;xx;;;;;;;;;x
VIETmisc.100.desc;The pillaging and looting undertaken in your name has earned you a reputation as a fearsome pagan raider. From Ireland to Constantinople, people fear the name of [Root.GetFirstName], the ruthless plunderer and merciless raider!;Le pillage entrepris en votre nom vous ont valu la réputation d'être un redoutable pilleur païen. De l'Irlande jusqu'à Constantinople, les gens craignent le nom de [Root.GetFirstName], le pilleur impitoyable !;;;;;;;;;;;;x
VIETmisc.100.a;Let them fear me!;Qu'ils me craignent !;;;;;;;;;;;;x
DEF_KHARJITE;Kharjite sect of Islam;Secte kharjite de l'Islam;;;;;;;;;;;;x
DEF_RELIGION_MOVING_RAIDERS;Slight reduction in garrison size due to a preference for a nomadic lifestyle in the military;Légère réduction de la taille des garnisons en raison d'une préférence pour un style de vie nomade dans l'armée.;;;;;;;;;;;;x
CHAR_STATUS_PILGRIM;§Y$NAME$§! is traveling.;§Y$NAME$§! voyage.;§Y$NAME$§! ist auf Pilgerfahrt;;§Y$NAME$§! está peregrinando;;;;;;;;;x
hold_nerge_desc;In the Great Hunt, or Nerge as it was known to the Mongols, an entire nomad army hunts all wildlife in a vast expanse of wilderness. This not only provides food for the winter, but also improves discipline among the troops.;Dans la Grande Chasse, ou Nerge comme elle était connue chez les Mongols, une armée nomade entière chasse toute la faune sauvage dans une vaste étendue de nature sauvage. Cela permet non seulement de nourrir l'hiver, mais aussi d'améliorer la discipline au sein des troupes.;;;;;;;;;;x
obj_embrace_poverty_title;Embrace Poverty;Faire face à la pauvreté;;;;;;;;;;;;x
obj_embrace_poverty_desc;[This.GetTitledFirstName] wishes to follow [This.GetHerHis] faith's ideal of poverty.;[This.GetTitledFirstName] souhaite suivre l'idéal de pauvreté de sa foi.;xx;;xx;;;;;;;;;x
title_possessor_of_mint;Possessor of Mint;Possesseur de la monnaie;;;;;;;;;;;;x
title_possessor_of_mint_desc;The Possessor of Mint, or "Ebn Na'na," was the Sogdian title of the lord of Bottaman, who was probably a vassal of the Malek of Oshrushanna.;Le Possesseur de la monnaie, ou "Ebn Na'na", était le titre Sogdian du seigneur de Bottaman, qui était probablement un vassal du Malek d'Oshrushanna.;;;;;;;;;;;;x
#Bookmarks;;;;;;;;;;;;;;x
BM_KINGDOM_OF_JERUSALEM;Kingdom of Jerusalem;Royaume de Jérusalem;Kingdom of Jerusalem;;Kingdom of Jerusalem;;;;;;;;;x
BM_KINGDOM_OF_JERUSALEM_DESC;The first Crusade into the Holy Land has succeeded beyond the wildest expectations of the Crusader armies. Godfrey of Bouillon now sits as King of Jerusalem, though he claims that the true King of Jerusalem is Jesus Christ. Though Christians everywhere celebrate this great victory,  they can only rest for so long: the Muslims are licking their wounds, preparing to avenge this embarrassing defeat and reclaim the Holy Land. Meanwhile, Emperor Alexios of Byzantium watches warily - realizing his originally simple plan of using the Western barbarians as a mercenary force against the Turks has had unforeseen consequences, perhaps the Byzantine Empire needs to reevaluate the situation in the Holy Land if they are to reclaim the Legacy of Rome.;La première croisade en Terre Sainte a dépassé les espérances les plus folles des armées croisées. Godefroy de Bouillon siège maintenant en tant que Roi de Jérusalem, bien qu'il prétende que le vrai Roi de Jérusalem est Jésus-Christ. Bien que les chrétiens célèbrent partout cette grande victoire, ils ne peuvent pas se reposer longtemps : les musulmans lèchent leurs blessures, se préparent à venger cette défaite embarrassante et à réclamer la Terre Sainte. Pendant ce temps, l'empereur Alexis de Byzance veille avec prudence - réalisant son plan simple à l'origine d'utiliser les barbares occidentaux comme une force mercenaire contre les Turcs a eu des conséquences imprévues, peut-être que l'Empire Byzantin a besoin de réévaluer la situation en Terre Sainte s'ils doivent récupérer l'héritage de Rome.; ;; ;;;;;;;;;x
BM_RECONQUISTA;Reconquista;Reconquista;Reconquista;;Reconquista;;;;;;;;;x
BM_RECONQUISTA_DESC;Just a few centuries ago, Islam almost conquered all of Iberia. Just a mere half a century ago,  as Christian Iberia was on the brink of defeat, El Cid bravely fought against the Moors. Now, the winds of change are blowing in Iberia. To the south, the decadent Almoravids are collapsing, replaced by an even more zealous dynasty, the Almohads. Portugal has just officially won its independence. Meanwhile, Castille and Aragon continue to resist the Muslims, hoping that one day their dream of the reconquista will be accomplished. Who will succeed in this turbulent region - Almohad or Almoravid, Spanish or Portuguese, Christian or Muslim?;Il y a quelques siècles, l'islam a presque conquis toute la péninsule ibérique. Il y a à peine un demi-siècle, alors que la péninsule ibérique chrétienne était au bord de la défaite, El Cid lutta courageusement contre les Maures. Les vents du changement soufflent maintenant dans la péninsule ibérique. Au sud, les Almoravides décadents s'effondrent, remplacés par une dynastie encore plus zélée, les Almohades. Le Portugal vient de gagner officiellement son indépendance. Pendant ce temps, la Castille et l'Aragon continuent de résister aux musulmans, espérant qu'un jour leur rêve de la reconquista se réalisera. Qui réussira dans cette région agitée - Almohade ou Almoravide, espagnole ou portugaise, chrétienne ou musulmane ?; ;; ;;;;;;;;;x
BM_SCOURGE_OF_GOD;Scourge of God;Le fléau de Dieu;Scourge of God;;Scourge of God;;;;;;;;;x
BM_SCOURGE_OF_GOD_DESC;From the East they came, ruthless and without mercy: strange men, dressed in exotic armor and speaking in guttural tongues that none understood. Rumors carried across the Silk Road and the Indian Ocean have told of how Genghis Khan and his invincible Mongol hordes shattered the greatest empires of the known world, from Cathay to Persia. Though Genghis Khan is now dead, the sons and grandsons of Genghis intend to continue his conquests. They have their eyes upon Europe and the rest of the Middle East, and the entire world may be united under the banner of Genghis... if his descendants do not end up fighting among themselves, that is. Perhaps the end of days has finally come at last, a punishment for the sins of the wicked... or perhaps this is God’s greatest test yet for the faithful.;De l'Orient, ils sont venus, impitoyables et sans pitié : des hommes étranges, vêtus d'une armure exotique et parlant des langues gutturales que personne ne comprenait. Les rumeurs qui ont traversé la Route de la Soie et l'Océan Indien ont raconté comment Genghis Khan et ses hordes mongoles invincibles ont brisé les plus grands empires du monde connu, de Cathay à la Perse. Bien que Gengis Khan soit maintenant mort, les fils et petits-fils de Gengis ont l'intention de poursuivre ses conquêtes. Ils ont les yeux rivés sur l'Europe et le reste du Moyen-Orient, et le monde entier peut être uni sous la bannière de Gengis ... sauf si ses descendants ne finissent pas par se battre entre eux. Peut-être que la fin des jours est enfin arrivée, une punition pour les péchés des méchants... ou peut-être que c'est la plus grande épreuve de Dieu pour les fidèles.; ;; ;;;;;;;;;x
BM_OSMANS_DREAM;Osman's Dream;Le rêve d'Osman;Osman's Dream;;Osman's Dream;;;;;;;;;x
BM_OSMANS_DREAM_DESC;With the breakup of the Sultanate of the Rum and the decline of the Byzantine Empire, several warlords in Anatolia seek ame and glory in the ensuing power vacuum. Foremost among them is Osman, a pious and brave man. According to a dream he had many, many years ago, some say that great things will be in store for Osman and his dynasty, and that they might even conquer great Constantinople one day. But the journey to Constantinople won’t be easy, and the Byzantine Empire, which has resisted attack after attack for almost a thousand years, will not go down without a fight.;Avec la dissolution du Sultanat du Rhum et le déclin de l'Empire Byzantin, plusieurs seigneurs de la guerre d'Anatolie cherchent à atteindre le pouvoir. Le plus important d'entre eux est Osman, un homme pieux et courageux. Selon un rêve qu'il avait fait il y a de nombreuses années, certains disent que de grandes choses vont arriver à Osman et sa dynastie, et qu'ils pourraient même conquérir un jour la grande Constantinople. Mais le voyage vers Constantinople ne sera pas facile, et l'Empire Byzantin, qui a résisté à l'attaque pendant près de mille ans, ne tombera pas sans combattre.; ;; ;;;;;;;;;x
BM_KHITAN;The Khitan;Le Khitan;The Khitan;;The Khitan;;;;;;;;;x
BM_KHITAN_DESC;For more than two centuries, the Khitan were the rightful rulers of northern China, perfectly balancing their traditional, nomadic way of life, and the urbane, sophisticated culture of their Chinese subjects. However, overthrown by their Jurchen vassals in the early years of the 12th century, remnants of the once-great Khitan have fled to Central Asia, where they seek to re-create their imperial splendor. Having just defeated the once-mighty Kara-Khanids and the Seljuks, the Khitan now have a foothold in the region. Will they continue their conquests, spreading their Sinicized nomadic culture and their Buddhist faith, or will they settle down, content with re-creating their Chinese empire in Central Asia? All that is certain, however, is that the Khitan are not the first horde to appear suddenly from the far east, nor will they be the last.;Pendant plus de deux siècles, les Khitan ont été les souverains légitimes du nord de la Chine, équilibrant parfaitement leur mode de vie traditionnel et nomade, et la culture urbaine et sophistiquée de leurs sujets chinois. Cependant, renversés par leurs vassaux Jurchen au début du XIIe siècle, les vestiges de l'ancien grand Khitan se sont enfuis en Asie centrale, où ils cherchent à recréer leur splendeur impériale. Après avoir battu les Kara-Khanids et les Seldjoukides, les Khitannow viennent de s'implanter dans la région. Poursuivront-ils leurs conquêtes, répandent-ils leur culture nomade sinicisée et leur foi bouddhiste, ou s'installeront-ils, se contentant de recréer leur empire chinois en Asie centrale ? Tout ce qui est certain, cependant, c'est que les Khitan ne sont pas la première horde à apparaître soudainement de l'Extrême-Orient, ni seront les derniers.;For more than two centuries, the Khitan were the rightful rulers of northern China, perfectly balancing their traditional, nomadic way of life, and the urbane, sophisticated culture of their Chinese subjects. However, overthrown by their Jurchen vassals in the early years of the 12th century, remnants of the once-great Khitan have fled to Central Asia, where they seek to re-create their imperial splendor. Having just defeated the once-mighty Kara-Khanids and the Seljuks, the Khitannow have a foothold in the region. Will they continue their conquests, spreading their Sinicized nomadic culture and their Buddhist faith, or will they settle down, content with re-creating their Chinese empire in Central Asia? All that is certain, however, is that the Khitan are not the first horde to appear suddenly from the far east, nor will they be the last.;;For more than two centuries, the Khitan were the rightful rulers of northern China, perfectly balancing their traditional, nomadic way of life, and the urbane, sophisticated culture of their Chinese subjects. However, overthrown by their Jurchen vassals in the early years of the 12th century, remnants of the once-great Khitan have fled to Central Asia, where they seek to re-create their imperial splendor. Having just defeated the once-mighty Kara-Khanids and the Seljuks, the Khitannow have a foothold in the region. Will they continue their conquests, spreading their Sinicized nomadic culture and their Buddhist faith, or will they settle down, content with re-creating their Chinese empire in Central Asia? All that is certain, however, is that the Khitan are not the first horde to appear suddenly from the far east, nor will they be the last.;;;;;;;;;x
BM_LION_KING;The Lion King;Le Roi Lion;The Lion King;;The Lion King;;;;;;;;;x
BM_LION_KING_DESC;West Africa is flourishing, despite the fall of the Empire of Ghana a century or two ago. Now a great leader has arisen among the Manden peoples: Sundiata Keita, the lion of Songolon. The Griots have already said much about this great king - some even claim he is a descendant of Bilal, companion to Prophet Mohammed and the first to call Muslims to prayer. Will the Lion King and his descendants unite the savanna into a great empire, harness the potential of its abundant gold, and make it the envy of the world?;L'Afrique de l'Ouest est florissante, malgré la chute de l'Empire du Ghana il y a un siècle ou deux. Maintenant, un grand chef s'est élevé parmi les peuples mandens : Sundiata Keita, le lion de Songolon. Les Griots ont déjà beaucoup parlé de ce grand roi - certains prétendent même qu'il est un descendant de Bilal, compagnon du prophète Mahomet et le premier à appeler les musulmans à la prière. Le Roi Lion et ses descendants allieront-ils la savane en un grand empire, exploiteront-ils le potentiel de son or abondant et en feront-ils l'envie du monde ?;;;;;;;;;;;;x
BM_THE_OLD_GODS_DESC;§Y'How the little piglets would grunt if they knew how the old boar suffered.'§! Those were the prophetic last words of the legendary viking §YRagnarr Loðbrok§! as he lay dying in the snake pit of Northumbrian king §YÆlla§!. In 867 the vengeful sons of Loðbrok and their 'Great Heathen Army' descended upon the petty kingdoms of Britain to make of §YÆlla§! a 'Blood Eagle'. Meanwhile, two other Norse lords - §YRurik§! and §YDyre§! - were carving out their own rival states among the Slavic and Finnish tribes of the East, laying down the foundations for what would one day become Russia. Meanwhile, to the east, the onslaught of Islam continues against the old faiths of the Silk Road - §YZoroastrian, Buddhism, Manichaeism, Hinduism§! - but the loyal followers of these remnants are stubbornly defiant in the face of near-certain doom. The Old Gods are still strong and their warriors mighty!;§YÔ combien les petits porcelets ronchonneraient s'ils savaient à quel point a souffert le vieux sanglier.§! Voilà qui furent les dernières paroles prophétiques du légendaire Viking §YRagnarr Loðbrok§! alors qu'il gisait à l'agonie dans la fosse aux serpents de §YÆlla§!, le roi northumbrien. En 867, les fils vindicatifs de Loðbrok et leur 'Grande Armée païenne' ont pénétré dans les petits royaumes de Bretagne et ont fait de §YÆlla§! un 'aigle de sang'. Au même moment, deux autres seigneurs nordiques, §YRurik§! et §YDyre§!, souillaient les terres de leurs rivaux parmi les tribus slaves et finnoises dans l'Est, posant les fondations de ce qui allait un jour devenir la Russie. Les Anciens Dieux sont toujours puissants, tout comme le sont leurs puissants guerriers !;§YWie die kleinen Ferkel grunzen würden, wenn sie wüssten, wie das alte Wildschwein litt.§! Dies waren die prophetischen letzten Worte des legendären Wikingers §YRagnarr Loðbrok§!, als er sterbend in der Schlangengrube des northumbrischen Königs §YÆlla§! lag. 867 fielen die rachedurstigen Söhne von Loðbrok mit ihrer 'Großen Ketzerischen Armee' in die erbärmlichen Königreiche Brittaniens ein, um §YÆlla§! zum 'Blutadler' zu machen. Zu gleicher Zeit erschufen zwei andere nordische Lords - §YRurik§! und §YDyre§! - ihre eigenen rivalisierenden Staaten unter den slawischen und finnischen Stämmen des Ostens und legten den Grundstein für das, was eines Tages Russland sein würde. Die Alten Götter sind noch immer mächtig und ihre Krieger sind stark!;;§YCómo gruñirían los cerditos si supieran cómo sufrió el viejo jabalí.§! Esas fueron las últimas palabras proféticas del legendario vikingo §YRagnarr Loðbrok§! mientras agonizaba en el nido de vívoras del rey de Northumbria §YÆlla§!. En el 867, los vengativos hijos de Loðbrok y su ‘Gran Ejército Pagano’ descendieron sobre los pequeños reinos de Bretaña para hacer de §YÆlla§! un ‘Águila de Sangre’. Mientras tanto, otros dos señores Nórdicos, §YRurik§! y §YDyre§!, fueron forjando sus propios estados rivales entre las tribus Eslavas y Finlandesas del Este, estableciendo las bases de lo que un día se convertiría en Rusia. ¡Los Antiguos Dioses aún son fuertes y sus guerreros poderosos!;;;;;;;;;x
#Hindu Events;;;;;;;;;;;;;;x
EVTDESC1000109201;Several Hindu Indian merchants who have been operating in our region for several years have decided to settle down. They are now offering their services, wishing to assist us using their expertise in various matters.;Plusieurs commerçants indiens hindous qui opèrent dans notre région depuis plusieurs années ont décidé de s'installer. Ils offrent maintenant leurs services dans le but de nous aider à utiliser leur expertise dans divers domaines.;;;;;;;;;;;;x
EVTOPTA1000109201;Very well.;Très bien.;;;;;;;;;;;;x
EVTDESC1000109202;I have found a nice Indian girl to marry. She'll remind me of my homeland back in India.;J'ai trouvé une belle Indienne à épouser. Elle me rappellera mon pays natal en Inde.;;;;;;;;;;;;x
EVTOPTA1000109202;Sweet India...;Douce Inde ...;;;;;;;;;;;;x
EVTDESC1000109203;One of your Hindu courtiers is getting married, having found a good girl from his homeland in India.;Un de vos courtisans hindous se marie, après avoir trouvé une bonne fille de son pays natal en Inde.;;;;;;;;;;;;x
EVTOPTA1000109203;I wish the couple the best.;Je souhaite bonne chance au couple.;;;;;;;;;;;;x
#Swahili Events;;;;;;;;;;;;;;x
EVTDESC1000109207;Several Swahili merchants who have been operating in our region for several years have decided to settle down. They are now offering their services, wishing to assist us using their expertise in various matters.;Plusieurs commerçants swahili qui opèrent dans notre région depuis plusieurs années ont décidé de s'installer. Ils offrent maintenant leurs services dans le but de nous aider à utiliser leur expertise dans divers domaines.;;;;;;;;;;;;x
EVTOPTA1000109207;Karibu!;Karibu !;;;;;;;;;;;;x
EVTDESC1000109208;I am about to marry to a nice Swahili girl from my hometown.;Je suis sur le point de me marier avec une gentille fille swahilie de ma ville natale.;;;;;;;;;;;;x
EVTOPTA1000109208;Ready the celebrations!;Préparez les célébrations !;;;;;;;;;;;;x
EVTDESC1000109209;One of your Swahili courtiers is getting married.;Un de vos courtisans swahili vient se marier.;;;;;;;;;;;;x
EVTOPTA1000109209;Hakuna matata, indeed.;Hakuna matata, effectivement.;;;;;;;;;;;;x
#Court Musician localization;;;;;;;;;;;;;;x
#title_court_musician_west_african;Court Griot;Griot de la cour;Court Griot;;Court Griot;;;;;;;;;x
title_court_musician_christian;Court Minstrel;Ménestrel de la cour;Court Minstrel;;Court Minstrel;;;;;;;;;x
#title_court_musician_north_germanic;Court Skald;Skald de la cour;Court Skald;;Court Skald;;;;;;;;;x
title_court_musician_celtic;Court Bard;Barde de la cour;Court Bard;;Court Bard;;;;;;;;;x
title_court_musician_west_germanic;Court Bard;Barde de la cour;Court Bard;;Court Bard;;;;;;;;;x
title_court_musician_gallic;Court Troubadour;Troubadour de la cour;Court Troubadour;;Court Troubadour;;;;;;;;;x
title_court_musician_female_gallic;Court Trobairitz;Trobairitz de la cour;Court Trobairitz;;Court Trobairitz;;;;;;;;;x
title_court_musician_latin;Court Troubadour;Troubadour de la cour;Court Troubadour;;Court Troubadour;;;;;;;;;x
title_court_musician_female_latin;Court Trobairitz;Trobairitz de la cour;Court Trobairitz;;Court Trobairitz;;;;;;;;;x
title_court_musician_iberian;Court Troubadour;Troubadour de la cour;Court Troubadour;;Court Troubadour;;;;;;;;;x
title_court_musician_female_iberian;Court Trobairitz;Trobairitz de la cour;Court Trobairitz;;Court Trobairitz;;;;;;;;;x
title_court_musician_andalusian_arabic;Court Musician;Musicien de la cour;Court Musician;;Court Musician;;;;;;;;;x
title_court_musician_female_andalusian_arabic;Court Musician;Musicienne de la cour;Court Musician;;Court Musician;;;;;;;;;x
title_court_musician_south_slavic;Court Guslar;Guslar de la cour;Court Guslar;;Court Guslar;;;;;;;;;x
title_court_musician_east_slavic;Court Okolnichy;Okolnichy de la cour;Court Okolnichy;;Court Okolnichy;;;;;;;;;x
title_court_musician_altaic;Court Ashik;Ashik de la cour;Court Ashik;;Court Ashik;;;;;;;;;x
title_court_musician_iranian;Court Ashik;Ashik de la cour;Court Ashik;;Court Ashik;;;;;;;;;x
title_court_musician_georgian;Court Ashik;Ashik de la cour;Court Ashik;;Court Ashik;;;;;;;;;x
title_court_musician_armenian;Court Ashik;Ashik de la cour;Court Ashik;;Court Ashik;;;;;;;;;x
title_court_musician_east_african;Court Azmari;Azmari de la cour;Court Azmari;;Court Azmari;;;;;;;;;x
#misc Nicknames;;;;;;;;;;;;;;x
nick_the_mighty;the Mighty;le Puissant;;;;;;;;;;;;x
nick_the_grim;the Grim;le Sinistre;;;;;;;;;;;;x
nick_the_shield_maiden;the Shield Maiden;la Skjaldmö;;;;;;;;;;;;x
nick_the_whore;the Whore;le Prostitué;;;;;;;;;;;;x
nick_the_maiden;the Maiden;la Vierge;;;;;;;;;;;;x
nick_the_peacekeeper;the Peacekeeper;le Médiateur;;;;;;;;;;;;x
nick_the_snake;the Snake;le Serpent;;;;;;;;;;;;x
nick_the_thunderbolt;the Thunderbolt;l'Éclair;;;;;;;;;;;;x
nick_the_leopard;the Leopard;le Léopard;;;;;;;;;;;;x
nick_saifullah;Saifullah;Saifullah;;;;;;;;;;;;x
nick_stratiotikos;Stratiotikos;Stratiotikos;;;;;;;;;;;;x
nick_the_pale_death;the Pale Death;la Mort pâle;;;;;;;;;;;;x
nick_porphyrogenitos;Porphyrogenitos;Porphyrogenitos;;;;;;;;;;;;x
nick_the_book_lover;the Book-Lover;le Bibliophile;;;;;;;;;;;;x
nick_the_caped;the Caped;à la cape;;;;;;;;;;;;x
nick_the_farmer;the Farmer;le Fermier;;;;;;;;;;;;x
nick_of_happy_memory;of Happy Memory;de bon souvenir;;;;;;;;;;;;x
nick_the_fratricide;the Fratricide;le Fratricide;;;;;;;;;;;;x
nick_the_rough;the Rough;le Brusque;;;;;;;;;;;;x
