#SWANSONG EVENTS;;;;;;;;;;;;;;x
VIETScarboroughFair.0.desc;A traveling scholar posed a strange question when he visited court: "What has more value? A real thing, or a fake that that is indistinguishable from the real thing?";;;;;;;;;;;x
VIETScarboroughFair.0.a;The real thing;;;;;;;;;;;;;x
VIETScarboroughFair.0.b;The fake;;;;;;;;;;;;;x
VIETScarboroughFair.0.c;Both are of equal value;;;;;;;;;;;;;x
VIETScarboroughFair.0.d;What a stupid question. Do I look like a philosopher?;;;;;;;;;;;;;x
VIETScarboroughFair.1.desc;"Oh, there's something in your hair!"\n\nI rove my fingers at the place my servant pointed at. Lo and behold, some small clump of dirt was there.;;;;;;;;;;;x
VIETScarboroughFair.1.a;I wonder how that got there.;;;;;;;;;;;;;x
VIETScarboroughFair.2.desc;A landslide has been reported in [Root.GetName], burying several villages and killing many.;;;;;;;;;;;x
VIETScarboroughFair.2.a;Huh, too bad. At least it didn’t affect me!;;;;;;;;;;;;;x
VIETScarboroughFair.2.b;There’s sadly nothing we can do.;;;;;;;;;;;;;x
VIETScarboroughFair.2.c;Let’s try to help the victims as much we can.;;;;;;;;;;;;;x
VIETScarboroughFair.3.desc;The current generation of young men from [Root.GetName] have won fame for their bravery and strength while fighting in your armies.;;;;;;;;;;;x
VIETScarboroughFair.3.a;They bring much honor to their families!;;;;;;;;;;;;;x
VIETScarboroughFair.4.desc;I've heard about other races with one eyes, or three. They live at the far corners of the world, in savage and barbaric lands.;;;;;;;;;;;x
VIETScarboroughFair.4.a;Why do we have two eyes, now that I think about it?;;;;;;;;;;;;;x
VIETScarboroughFair.4.b;Fanciful tales, conjured by storytellers to entertain.;;;;;;;;;;;;;x
VIETScarboroughFair.5.desc;You feel as if somewhere, someone had just said something unflattering about you.;;;;;;;;;;;x
VIETScarboroughFair.5.a;Hmm...;;;;;;;;;;;;;x
VIETScarboroughFair.6.desc;You suddenly forgot what you were thinking of.;;;;;;;;;;;x
VIETScarboroughFair.6.a;Uh...;;;;;;;;;;;;;x
VIETScarboroughFair.7.tooltip;Hmm… what could it have been… what was it...;;;;;;;;;;;x
VIETScarboroughFair.7.desc;Oh! That's it! You remembered that thing you forgot.;;;;;;;;;;;x
VIETScarboroughFair.7.a;What a relief.;;;;;;;;;;;;;x
VIETScarboroughFair.8.desc;You were wondering why your courtiers were giving you strange looks today. One of your servants pointed out you had a large, noticeable chunk of food wedged between your front teeth. No wonder, you must've looked ridiculous!;;;;;;;;;;;x
VIETScarboroughFair.8.a;Time to get my toothpick.;;;;;;;;;;;;;x
VIETScarboroughFair.9.desc;Once upon a time, I was a young, innocent child.;;;;;;;;;;;x
VIETScarboroughFair.9.a;Now I'm just a sad, old person.;;;;;;;;;;;;;x
VIETScarboroughFair.10.desc;Goodness gracious!;;;;;;;;;;;x
VIETScarboroughFair.10.a;"Who cut the cheese?" I exclaim.;;;;;;;;;;;;;x
VIETScarboroughFair.11.tooltip;Everyone looks around nervously.;;;;;;;;;;;x
VIETScarboroughFair.11.desc;"I did," a servant admits.\n\nI tell him, "Next time, make sure you cut it into smaller pieces, alright? It’s difficult eating cheese if it’s in giant pieces like this.";;;;;;;;;;;x
VIETScarboroughFair.11.a;"Yes, [Root.GetTitledFirstName]!";;;;;;;;;;;;;x
VIETScarboroughFair.12.desc;Don't make me laugh!;;;;;;;;;;;x
VIETScarboroughFair.12.a;My courtier says the joke anyways and I almost die of laughter.;;;;;;;;;;;;;x
VIETScarboroughFair.13.desc;Sunlight filters through the window, and shines down on me. I feel it's warmth.;;;;;;;;;;;x
VIETScarboroughFair.13.a;Ah…;;;;;;;;;;;;;x
VIETScarboroughFair.14.desc;I suddenly remembered something extremely embarrassing I did years ago.;;;;;;;;;;;x
VIETScarboroughFair.14.a;Please, no, why did I have to remember that...;;;;;;;;;;;;;x
VIETScarboroughFair.15.desc;It happened so quickly. You ate something, choked on it, and now writhe in agony on the floor, unable to breathe.;;;;;;;;;;;x
VIETScarboroughFair.15.a;GGGGLLLAAAUUUUGGKKK -;;;;;;;;;;;;;x
VIETScarboroughFair.16.desc;I saw one of my courtiers yawning.;;;;;;;;;;;x
VIETScarboroughFair.16.a;Now I feel like yawning too!;;;;;;;;;;;;;x
VIETScarboroughFair.16.b;Interesting that if one person yawns, others nearby will naturally do the same.;;;;;;;;;;;;;x
VIETScarboroughFair.17.desc;After exchanging pleasantries with the envoy, he says jokingly, "I heard about you and your honeyed words...";;;;;;;;;;;x
VIETScarboroughFair.17.a;Is that so? Oh, no, I don't think I'm that great a speaker!;;;;;;;;;;;;;x
VIETScarboroughFair.18.desc;That song the bard sung, earlier today - I can't get it out of my head! ;;;;;;;;;;;x
VIETScarboroughFair.18.a;It's so catchy and addicting.;;;;;;;;;;;;;x
VIETScarboroughFair.19.desc;While walking behind a courtier, I noticed a gold coin fell out of their pocket. Should I tell them about it?;;;;;;;;;;;x
VIETScarboroughFair.19.a;Yes, give it back, it is the right thing to do.;;;;;;;;;;;;;x
VIETScarboroughFair.19.b;No one will see me taking it.;;;;;;;;;;;;;x
VIETScarboroughFair.19.c;Just leave it there - who cares?;;;;;;;;;;;;;x
VIETScarboroughFair.20.desc;By accident, you happen to come across one of your sons fornicating with one of your young maids. Thankfully, they don't notice you as they pound away at each other like beasts. Now he grabs and embraces her as she squeals in ecstasy, his hands roving downwards towards her -;;;;;;;;;;;x
VIETScarboroughFair.20.a;I have to leave before they see me!;;;;;;;;;;;;;x
VIETScarboroughFair.20.b;That's my boy! Great technique... wow, I can’t believe he did... . Um. Woah.;;;;;;;;;;;;;x
VIETScarboroughFair.21.desc;I often find myself noticing the pretty maids that work at my residence. I have no interest in pursuing them, of course, but it’s nice to have some eye candy to look at every now and then.;;;;;;;;;;;x
VIETScarboroughFair.21.a;I must be gentlemanly and chivalrous. No naughty business.;;;;;;;;;;;;;x
VIETScarboroughFair.21.b;These peasants are too lowly for me, anyways.;;;;;;;;;;;;;x
VIETScarboroughFair.21.c;I feel guilty about these poor girls to be honest.;;;;;;;;;;;;;x
VIETScarboroughFair.22.desc;Last year, you ordered the execution of a man who supposedly committed a number of heinous crimes. New developments reveal that he was in fact innocent! Though the real criminal has been caught, the commoners are enraged, as this man was well-known throughout the land for his good deeds. ;;;;;;;;;;;x
VIETScarboroughFair.22.a;They think me a tyrant! But I made a mistake!;;;;;;;;;;;;;x
VIETScarboroughFair.23.desc;I finally got that book I wanted for quite a while! It's a sequel to a great story I came across a while back. Now it's time for me to enjoy some character development, engaging dialogue, thought provoking themes, and deep symbolism.;;;;;;;;;;;x
VIETScarboroughFair.23.a;Nothing could be better.;;;;;;;;;;;;;x
VIETScarboroughFair.24.desc;There are rumors that certain tax collectors in my realm are disgustingly corrupt. Unfortunately, I don't have any good evidence to back this up, even after a lengthy investigation. Still, the commoners are convinced otherwise - if I don't do something, they might grow restless, but on the other hand, imprisoning the officials without cause would be problematic as well.;;;;;;;;;;;x
VIETScarboroughFair.24.a;Arrest these officials, whether they're innocent or not!;;;;;;;;;;;;;x
VIETScarboroughFair.24.b;I will not bow down to the demands of the ignorant peasants.;;;;;;;;;;;;;x
VIETScarboroughFair.25.desc;Lately, you noticed that many of your courtiers like interjecting sexual puns and wordplay into daily conversations, speaking about "cocks" when they mean chickens, for instance. This fad is overdone, you feel, and it makes your courtiers look like stupid, immature youths trying to make themselves seem more entertaining and witty than they really are.;;;;;;;;;;;x
VIETScarboroughFair.25.a;Actually, I like them!;;;;;;;;;;;;;x
VIETScarboroughFair.25.b;These sinners are too cocky!;;;;;;;;;;;;;x
VIETScarboroughFair.25.c;You arrogantly look down on them.;;;;;;;;;;;;;x
VIETScarboroughFair.25.d;You silently disapprove.;;;;;;;;;;;;;x
VIETScarboroughFair.26.desc;An envoy gave me a gift of baklava. Delicious it is, without any rival in syrupy sweetness and culinary delight, one would think! ;;;;;;;;;;;x
VIETScarboroughFair.26.a;If only I could have baklava forever and evermore...;;;;;;;;;;;;;x
VIETScarboroughFair.27.desc;My head is really itchy. Really, terribly itchy.;;;;;;;;;;;x
VIETScarboroughFair.27.a;Scratch my head;;;;;;;;;;;;;x
VIETScarboroughFair.27.b;I’ll try to ignore - ARGH, I can't ignore it!;;;;;;;;;;;;;x
VIETScarboroughFair.28.desc;A merchant you are acquainted with offers you his abacus. He is growing old now and is becoming less involved in the world of commerce, and thinks his abacus will better serve you in your work.;;;;;;;;;;;x
VIETScarboroughFair.28.a;I will gladly take it.;;;;;;;;;;;;;x
VIETScarboroughFair.28.b;I don't need a stupid contraption to do what I can do for myself!;;;;;;;;;;;;;x
VIETScarboroughFair.29.desc;The courtesans and whores of [Root.GetName] are gaining fame throughout the world for their beauty and skills in lovemaking. This doesn't particularly reflect well on the morals and reputation on the local inhabitants, much less you yourself, but at the least it’s providing a bit of an economic boost as more travelers are coming from afar, seeking to partake in the pleasures to be offered...;;;;;;;;;;;x
VIETScarboroughFair.29.a;And I shall be one of them! I'll make time to visit there eventually!;;;;;;;;;;;;;x
VIETScarboroughFair.29.b;It is what it is.;;;;;;;;;;;;;x
VIETScarboroughFair.29.c;Disgusting perverts and whores, thinking only of worldly pleasure.;;;;;;;;;;;;;x
VIETScarboroughFair.30.desc;A large shrine dating back to antiquity has been recently unearthed in [Root.GetName]. Made of stone, its survival a testimony to its strength and sturdiness. As this shrine was found in territory belonging to you, you have a say in what should be done with it. While it is not large enough to be converted into a modern temple, perhaps it might have some other use...;;;;;;;;;;;x
VIETScarboroughFair.30.a;Use its stones in various construction projects around the area.;;;;;;;;;;;;;x
VIETScarboroughFair.30.b;Convert it into a modern [Root.Religion.GetName] shrine.;;;;;;;;;;;;;x
VIETScarboroughFair.30.c;Leave it be, it is best to not disturb these ancient monuments.;;;;;;;;;;;;;x
VIETScarboroughFair.30.d;Allow the commoners to use its stones for their own purposes.;;;;;;;;;;;;;x
VIETScarboroughFair.31.desc;The criminal brought before me was a local merchant from [Root.GetName] who raped a number of local women. Due to his connections and wealth, he was able to intimidate most of his victims and their families into staying silent, but he made a mistake when he raped the daughter of a nobleman. Now, many of his victims' families demand justice and proper compensation.;;;;;;;;;;;x
VIETScarboroughFair.31.a;Let him go. This isn’t my concern. The locals can sort it out themselves.;;;;;;;;;;;;;x
VIETScarboroughFair.31.b;Imprison him and give some of his wealth to us and the rest to his victims.;;;;;;;;;;;;;x
VIETScarboroughFair.31.c;He shall be executed publicly, and his possessions given to his victims!;;;;;;;;;;;;;x
VIETScarboroughFair.31.d;Let him go, he's obviously innocent. And it's not like I was bribed or anything!;;;;;;;;;;;;;x
VIET_bribed_jerk;\n\nThe merchant successfully bribes you because of your weak morals.;;;;;;;;;;;x
VIETScarboroughFair.32.desc;A traveler who once visited China recently passed by my capital. When he came to visit, he gave me a large bag of pitiful mushrooms. I was initially insulted, but he explained that these are the Mushrooms of Immortality, known in the Far East due to their miraculous medicinal properties and how they can prolong life. I am to grind these and drink them with water every morning.;;;;;;;;;;;x
VIETScarboroughFair.32.a;Ah... I see! Thank you so much!;;;;;;;;;;;;;x
VIETScarboroughFair.32.b;Sounds like hocus-pocus to me.;;;;;;;;;;;;;x
VIET_reishi_mushroom_health;\n\nYour health increases by a noticeable amount.;;;;;;;;;;;x
VIETScarboroughFair.33.desc;By chance you meet a few women, young widows of soldiers killed in the war you currently fight. They are all, understandably, upset that their husbands had to die.;;;;;;;;;;;x
VIETScarboroughFair.33.a;Their husbands died for a good cause. Their deaths will not be in vain!;;;;;;;;;;;;;x
VIETScarboroughFair.33.b;Those whores shouldn't bother me with their sob stories.;;;;;;;;;;;;;x
VIETScarboroughFair.33.c;This isn't my concern.;;;;;;;;;;;;;x
VIETScarboroughFair.33.d;I’ll give compensation for their husbands’ sacrifices!;;;;;;;;;;;;;x
VIETScarboroughFair.34.desc;An enemy spy was discovered close to where you were, trying to figure out what you and your armies were up to. Thankfully, your guards found and killed him. Even better, on his body they found some instructions from his employer - instructions which inadvertently revealed some of your enemy's plans to you!;;;;;;;;;;;x
VIETScarboroughFair.34.a;We must make use of this.;;;;;;;;;;;;;x
VIETScarboroughFair.35.desc;You pull out your sword from the enemy warrior you just killed, only to realize that he was no man, but only a mere boy - probably not a day older than fifteen years of age. This is nothing new to you, of course, but sometimes it is sad to see such a young life cut short, even if it was that of an enemy...;;;;;;;;;;;x
VIETScarboroughFair.35.a;Any enemy of mine will die, young or old!;;;;;;;;;;;;;x
VIETScarboroughFair.35.b;Better he died now than lived a life full of suffering.;;;;;;;;;;;;;x
VIETScarboroughFair.35.c;He fought honorably, at least, so his ancestors must be proud.;;;;;;;;;;;;;x
VIETScarboroughFair.35.d;I feel bad, actually... very sad... why do I have to do these things?;;;;;;;;;;;;;x
VIETScarboroughFair.36.desc;The arrow barely whizzes by you, and instead harmlessly hits the ground nearby. Close, so close - had your head been just a finger-length more to the right, you could've been seriously injured, even killed!;;;;;;;;;;;x
VIETScarboroughFair.36.a;Praise [Root.Religion.GetRandomGodName]!;;;;;;;;;;;;;x
VIETScarboroughFair.37.desc;During battle, you lose your balance and fall to the ground, and your blade flies out of your hands. An enemy warrior, seeing an opportunity, lunges at you. Your weapon is too far away, but you think of something in time - you grab a handful of dirt and throw it at his face. As he yells, temporarily blinded, you have a few precious seconds and grab your sword.;;;;;;;;;;;x
VIETScarboroughFair.37.a;Take that, knave!;;;;;;;;;;;;;x
VIETScarboroughFair.38.desc;An enemy warrior is trapped by you and your men. He has nowhere to go. As you and your troops edge closer to him, in a last fit of desperation, he throws his sword at you. Of course, you easily dodge it, and your men proceed to butcher the unfortunate fool.;;;;;;;;;;;x
VIETScarboroughFair.38.a;What an idiot. That trick never works.;;;;;;;;;;;;;x
VIETScarboroughFair.39.desc;The clashing of blade and shield fills your ears, as both sides of the battle meet. You raise your shield as an enemy approaches. He raises his sword and slashes at your shield, only for his sword to snap in half. As the man looks in shock at his now-broken sword (which undoubtedly was made of poor quality), you raise your sword...;;;;;;;;;;;x
VIETScarboroughFair.39.a;... and kill him.;;;;;;;;;;;;;x
VIETScarboroughFair.40.desc;Some local merchants have given me some special, rare soaps and cosmetics that come from the Levant as gifts. The main ingredient of these are date seeds.;;;;;;;;;;;x
VIETScarboroughFair.40.a;These will be very useful.;;;;;;;;;;;;;x
VIETScarboroughFair.40.b;I will not associate myself with such vanity!;;;;;;;;;;;;;x
VIETScarboroughFair.40.c;I think one of my courtiers would appreciate these better than me.;;;;;;;;;;;;;x
VIETScarboroughFair.41.desc; As I prepare to mount my house I notice it is staring at me. Or, at least, I think it is staring at me. Something about it… those eyes, boring into me… those eyes, those dark, black, cold, empty eyes… staring into me…;;;;;;;;;;;x
VIETScarboroughFair.41.a;Um… right… moving along…;;;;;;;;;;;;;x
VIETScarboroughFair.42.desc;A while back you received some amber jewelry from some travelers as a gift. Today, however, you notice that there is a giant insect the size of a finger - mosquito, perhaps? - trapped inside the amber. Every now and then one finds these creatures inside pieces of amber, but leaving them in is surely a sign of bad craftsmanship!;;;;;;;;;;;x
VIETScarboroughFair.42.a;Dispose of these worthless items. These bugs will not taint my things!;;;;;;;;;;;;;x
VIETScarboroughFair.42.b;Could be worse. And I admit I find them strangely fascinating.;;;;;;;;;;;;;x
VIETScarboroughFair.42.c;Study the insects.... I've always wondered how they could end up in the amber!;;;;;;;;;;;;;x
VIETScarboroughFair.43.desc;I was given some cubeb as a present. This strange spice is said to come from the islands to the east of Hindustan. Many learned men say that it has two main purposes: one, to ward off demons and other sort of malevolent spirits, and two, to increase one’s fertility. The learned men and cooks of the court know of ways to best bring about one or the other, but not both.;;;;;;;;;;;x
VIETScarboroughFair.43.a;I will use it to enhance my sexual prowess.;;;;;;;;;;;;;x
VIETScarboroughFair.43.b;I wish to make use of its evil-fighting abilities.;;;;;;;;;;;;;x
VIETScarboroughFair.44.desc;I bring the courtesan to my bed. I'm feeling mighty and fine tonight, and I intend to waste all of my energy on her! I must thank the nobleman who recommended her to me. So I lower her onto my silken sheets, admiring her soft, feminine form - her breasts, the whitest and roundest I have ever witnessed - before taking the plunge.... Even the bed will get a bit of exercise tonight.;;;;;;;;;;;x
VIETScarboroughFair.44.a;She was a good wench, that one, albeit a bit expensive.;;;;;;;;;;;;;x
VIETScarboroughFair.45.desc;The Prophet (peace be upon him) recommended that we use perfume, for it is pleasant and aids in cleanliness. However, one of my courtiers has gone too far, as of late, applying layers and layers of perfume - everyone can smell it from rooms and rooms away. Who would want to waste so much money on these luxuries?;;;;;;;;;;;x
VIETScarboroughFair.45.a;Not I, certainly! I am not vain, after all.;;;;;;;;;;;;;x
VIETScarboroughFair.45.b;To each their own. I shouldn't complain about others.;;;;;;;;;;;;;x
VIETScarboroughFair.46.desc;It's fascinating, isn't it? Some of the women in your court would go to extreme lengths to lighten their skin, in order to look more beautiful. The faintest sign of a tan is considered a terrible, terrible thing - fit only for lowly, filthy peasants who have to toil out in the sun all day long. After all, only a completely insane and barbaric society would ever consider tanned skin attractive and fashionable!;;;;;;;;;;;x
VIETScarboroughFair.46.a;I hate women with tanned skin too, so any way to be rid of it is good!;;;;;;;;;;;;;x
VIETScarboroughFair.46.b;I’m more concerned about my courtiers’ vanity.;;;;;;;;;;;;;x
VIETScarboroughFair.46.c;Tans can be beautiful! Not… that I have abnormal tastes.;;;;;;;;;;;;;x
VIETScarboroughFair.46.d;I admit it's unusual, even deviant maybe, but I like tanned skin...;;;;;;;;;;;;;x
VIETScarboroughFair.47.desc;Reports come from a village in [Root.GetName]: two siblings - a brother and sister - lusted after one another. Quite unnatural and shameful indeed! The two siblings were caught in the middle of intercourse recently, and had to flee elsewhere to avoid the wrath of their family and the villagers. They are now believed to be in some foreign land, where no one knows who they are.;;;;;;;;;;;x
VIETScarboroughFair.47.a;Disgusting. I feel dirty just by hearing that.;;;;;;;;;;;;;x
VIETScarboroughFair.47.b;Who am I to judge? Love is love.;;;;;;;;;;;;;x
VIETScarboroughFair.47.c;I admit… this kind of… interests me... in a strange way.;;;;;;;;;;;;;x
VIETScarboroughFair.48.desc;You’ve heard of a popular new song - “Scarborough Fair,” they call it, after the traditional fair held in northern England. They say it is a very entertaining song, a very romantic song, a very philosophical song. Curious to understand what sort of song this is, you find a local bard who knows it, and ask him to perform it for you.;;;;;;;;;;;x
VIETScarboroughFair.48.a;Let us hear the mystical insights from this ‘Scarborough Fair’!;;;;;;;;;;;;;x
VIETScarboroughFair.49.tooltip;The bard performs;;;;;;;;;;;x
VIETScarboroughFair.49.title;Scarborough Fair;;;;;;;;;;;x
VIETScarboroughFair.49.desc;Are you going to Scarborough Fair?\nParsley, sage, rosemary and thyme.\nRemember me to one who lived there.\nShe once was a true love of mine.\n\nHave her make me a cambric shirt\nParsley, sage, rosemary and thyme.\nWithout no seams, nor fine needle work.\nThen she'll be a true love of mine.\n\nTell her to weave it in a sycamore wood lane.\nParsley, sage, rosemary and thyme\n[... the bard continues the rest of the song...];;;;;;;;;;;x
VIETScarboroughFair.49.a;What is this bullocks? Stupid pretentious crap, if you ask me.;;;;;;;;;;;;;x
VIETScarboroughFair.49.b;By [Root.Religion.GetRandomGodName]! This is… indescribable - please, sing the rest of the song!;;;;;;;;;;;;;x
VIET_Scarborough_fair_bad;\n\nHopefully it shall just be a passing fad. You refuse to bow to it - you would rather spit in its face than pretend to accept that it’s a ‘good’ song. No way it will ever become widespread and popular, sung by bards and minstrels centuries from now. It will never catch on!;;;;;;;;;;;x
VIET_Scarborough_fair_good;\n\nYou feel as if you’ve been enlightened. Nay, you HAVE been enlightened. As the bard continues to sing you meditate on the deep, esoteric meanings hidden in the song, and even cry tears of spontaneous joy. Whoever wrote this was a genius, no doubt! This song will live on forever in the hearts of all men!;;;;;;;;;;;x
VIETScarboroughFair.50.desc;xxxxx;;;;;;;;;;;x
VIETScarboroughFair.50.a;Xxxxxxffff;;;;;;;;;;;;;x
VIETScarboroughFair.51.desc;xxxxx;;;;;;;;;;;x
VIETScarboroughFair.51.a;Xxxxxxffff;;;;;;;;;;;;;x
VIETScarboroughFair.52.desc;xxxxx;;;;;;;;;;;x
VIETScarboroughFair.52.a;Xxxxxxffff;;;;;;;;;;;;;x
VIETScarboroughFair.53.desc;xxxxx;;;;;;;;;;;x
VIETScarboroughFair.53.a;Xxxxxxffff;;;;;;;;;;;;;x
VIETScarboroughFair.54.desc;xxxxx;;;;;;;;;;;x
VIETScarboroughFair.54.a;Xxxxxxffff;;;;;;;;;;;;;x
VIETScarboroughFair.55.desc;xxxxx;;;;;;;;;;;x
VIETScarboroughFair.55.a;Xxxxxxffff;;;;;;;;;;;;;x
VIETScarboroughFair.56.desc;xxxxx;;;;;;;;;;;x
VIETScarboroughFair.56.a;Xxxxxxffff;;;;;;;;;;;;;x
VIETScarboroughFair.57.desc;xxxxx;;;;;;;;;;;x
VIETScarboroughFair.57.a;Xxxxxxffff;;;;;;;;;;;;;x
VIETScarboroughFair.58.desc;xxxxx;;;;;;;;;;;x
VIETScarboroughFair.58.a;Xxxxxxffff;;;;;;;;;;;;;x
VIETScarboroughFair.59.desc;xxxxx;;;;;;;;;;;x
VIETScarboroughFair.59.a;Xxxxxxffff;;;;;;;;;;;;;x
VIETScarboroughFair.60.desc;xxxxx;;;;;;;;;;;x
VIETScarboroughFair.60.a;Xxxxxxffff;;;;;;;;;;;;;x
VIETScarboroughFair.61.desc;xxxxx;;;;;;;;;;;x
VIETScarboroughFair.61.a;Xxxxxxffff;;;;;;;;;;;;;x
VIETScarboroughFair.62.desc;xxxxx;;;;;;;;;;;x
VIETScarboroughFair.62.a;Xxxxxxffff;;;;;;;;;;;;;x
VIETScarboroughFair.63.desc;xxxxx;;;;;;;;;;;x
VIETScarboroughFair.63.a;Xxxxxxffff;;;;;;;;;;;;;x
VIETScarboroughFair.64.desc;xxxxx;;;;;;;;;;;x
VIETScarboroughFair.64.a;Xxxxxxffff;;;;;;;;;;;;;x
VIETScarboroughFair.65.desc;xxxxx;;;;;;;;;;;x
VIETScarboroughFair.65.a;Xxxxxxffff;;;;;;;;;;;;;x
VIETScarboroughFair.66.desc;xxxxx;;;;;;;;;;;x
VIETScarboroughFair.66.a;Xxxxxxffff;;;;;;;;;;;;;x
VIETScarboroughFair.67.desc;xxxxx;;;;;;;;;;;x
VIETScarboroughFair.67.a;Xxxxxxffff;;;;;;;;;;;;;x
VIETScarboroughFair.68.desc;xxxxx;;;;;;;;;;;x
VIETScarboroughFair.68.a;Xxxxxxffff;;;;;;;;;;;;;x
VIETScarboroughFair.69.desc;xxxxx;;;;;;;;;;;x
VIETScarboroughFair.69.a;Xxxxxxffff;;;;;;;;;;;;;x
VIETScarboroughFair.70.desc;xxxxx;;;;;;;;;;;x
VIETScarboroughFair.70.a;Xxxxxxffff;;;;;;;;;;;;;x
VIETScarboroughFair.71.desc;xxxxx;;;;;;;;;;;x
VIETScarboroughFair.71.a;Xxxxxxffff;;;;;;;;;;;;;x
VIETScarboroughFair.72.desc;xxxxx;;;;;;;;;;;x
VIETScarboroughFair.72.a;Xxxxxxffff;;;;;;;;;;;;;x
VIETScarboroughFair.73.desc;xxxxx;;;;;;;;;;;x
VIETScarboroughFair.73.a;Xxxxxxffff;;;;;;;;;;;;;x
VIETScarboroughFair.74.desc;xxxxx;;;;;;;;;;;x
VIETScarboroughFair.74.a;Xxxxxxffff;;;;;;;;;;;;;x
VIETScarboroughFair.75.desc;xxxxx;;;;;;;;;;;x
VIETScarboroughFair.75.a;Xxxxxxffff;;;;;;;;;;;;;x
VIETScarboroughFair.76.desc;xxxxx;;;;;;;;;;;x
VIETScarboroughFair.76.a;Xxxxxxffff;;;;;;;;;;;;;x
VIETScarboroughFair.77.desc;xxxxx;;;;;;;;;;;x
VIETScarboroughFair.77.a;Xxxxxxffff;;;;;;;;;;;;;x
VIETScarboroughFair.78.desc;xxxxx;;;;;;;;;;;x
VIETScarboroughFair.78.a;Xxxxxxffff;;;;;;;;;;;;;x
VIETScarboroughFair.79.desc;xxxxx;;;;;;;;;;;x
VIETScarboroughFair.79.a;Xxxxxxffff;;;;;;;;;;;;;x
VIETScarboroughFair.80.desc;xxxxx;;;;;;;;;;;x
VIETScarboroughFair.80.a;Xxxxxxffff;;;;;;;;;;;;;x
VIETScarboroughFair.81.desc;xxxxx;;;;;;;;;;;x
VIETScarboroughFair.81.a;Xxxxxxffff;;;;;;;;;;;;;x
VIETScarboroughFair.82.desc;xxxxx;;;;;;;;;;;x
VIETScarboroughFair.82.a;Xxxxxxffff;;;;;;;;;;;;;x
VIETScarboroughFair.83.desc;xxxxx;;;;;;;;;;;x
VIETScarboroughFair.83.a;Xxxxxxffff;;;;;;;;;;;;;x
VIETScarboroughFair.84.desc;xxxxx;;;;;;;;;;;x
VIETScarboroughFair.84.a;Xxxxxxffff;;;;;;;;;;;;;x
VIETScarboroughFair.85.desc;xxxxx;;;;;;;;;;;x
VIETScarboroughFair.85.a;Xxxxxxffff;;;;;;;;;;;;;x
VIETScarboroughFair.86.desc;xxxxx;;;;;;;;;;;x
VIETScarboroughFair.86.a;Xxxxxxffff;;;;;;;;;;;;;x
VIETScarboroughFair.87.desc;xxxxx;;;;;;;;;;;x
VIETScarboroughFair.87.a;Xxxxxxffff;;;;;;;;;;;;;x
VIETScarboroughFair.88.desc;xxxxx;;;;;;;;;;;x
VIETScarboroughFair.88.a;Xxxxxxffff;;;;;;;;;;;;;x
VIETScarboroughFair.89.desc;xxxxx;;;;;;;;;;;x
VIETScarboroughFair.89.a;Xxxxxxffff;;;;;;;;;;;;;x
VIETScarboroughFair.90.desc;xxxxx;;;;;;;;;;;x
VIETScarboroughFair.90.a;Xxxxxxffff;;;;;;;;;;;;;x
VIETScarboroughFair.91.desc;xxxxx;;;;;;;;;;;x
VIETScarboroughFair.91.a;Xxxxxxffff;;;;;;;;;;;;;x
VIETScarboroughFair.92.desc;xxxxx;;;;;;;;;;;x
VIETScarboroughFair.92.a;Xxxxxxffff;;;;;;;;;;;;;x
VIETScarboroughFair.93.desc;xxxxx;;;;;;;;;;;x
VIETScarboroughFair.93.a;Xxxxxxffff;;;;;;;;;;;;;x
VIETScarboroughFair.94.desc;xxxxx;;;;;;;;;;;x
VIETScarboroughFair.94.a;Xxxxxxffff;;;;;;;;;;;;;x
VIETScarboroughFair.95.desc;xxxxx;;;;;;;;;;;x
VIETScarboroughFair.95.a;Xxxxxxffff;;;;;;;;;;;;;x
VIETScarboroughFair.96.desc;xxxxx;;;;;;;;;;;x
VIETScarboroughFair.96.a;Xxxxxxffff;;;;;;;;;;;;;x
VIETScarboroughFair.97.desc;xxxxx;;;;;;;;;;;x
VIETScarboroughFair.97.a;Xxxxxxffff;;;;;;;;;;;;;x
VIETScarboroughFair.98.desc;xxxxx;;;;;;;;;;;x
VIETScarboroughFair.98.a;Xxxxxxffff;;;;;;;;;;;;;x
VIETScarboroughFair.99.desc;xxxxx;;;;;;;;;;;x
VIETScarboroughFair.99.a;Xxxxxxffff;;;;;;;;;;;;;x
VIETScarboroughFair.100.desc;You pass by a Zoroastrian street preacher. He seems to be preaching to a young man. Out of curiosity, you listen to their conversation. It appears that this man has the fortune to be in a Xwedodah marriage with his sister, but he has doubts about it and is asking the preacher for advice.;;;;;;;;;;;x
VIETScarboroughFair.100.a;Continue listening;;;;;;;;;;;;;x
VIETScarboroughFair.101.tooltip;This could be interesting;;;;;;;;;;;x
VIETScarboroughFair.101.title;BE PROUD! BE JOYFUL!;;;;;;;;;;;x
VIETScarboroughFair.101.desc;The preacher nods sagely, and turns to the crowd around him, roaring:\n\n"HARK NOW, YOUNG MAN! WHY BE ASHAMED OF YOUR XWEDODAH? BE PROUD! BE JOYFUL! SHOUT ABOUT YOUR LOVE AT THE TOP OF YOUR LUNGS! FOR YOU ENCOURAGE THE HOLY DEED OF XWEDODAH AROUND THE WORLD, THAT PLEASES THE HEAVENS AND BRINGS GOOD THINGS AND HAPPINESS TO ALL. SPREAD THE LIGHT AND BASK IN IT - FEAR NOT THE EVIL LIE, THE DARKNESS OF THE DELUDED BARBARIAN DEMONS! BROTHERS AND SISTERS, UNITE IN LOVE, UNITE IN TRUTH! DRIVE BACK THE DEMONS! DRIVE BACK THE LIE!"\n\nYou see the young man cry tears of joy, moved by the preacher's words of support.;;;;;;;;;;;x
VIETScarboroughFair.101.a;One act of Xwedodah can save many lives, so they say.;;;;;;;;;;;;;x
VIETScarboroughFair.102.tooltip;That preacher sure is an inspiring fellow...;;;;;;;;;;;x
VIETScarboroughFair.102.title;RISE UP! RISE UP!;;;;;;;;;;;x
VIETScarboroughFair.102.desc;You come across the preacher again. A crowd throngs around him as he shouts: "AND THERE IT IS, FRIENDS! THE UGLY TRUTH! XWEDODAH IS THE TRUE WAY OF MAN! ASCENDING FROM FLESH, TO RULE THE REALM OF SPIRIT! THE VERY IDEA IS INCONCEIVABLE TO OUR HEATHEN ENEMIES! SHARING THE HEAVENS THROUGH BROTHERLY AND SISTERLY LOVE? HA! THEY CAN BARELY TOLERATE OUR PRESENCE ON EARTH! TODAY, THEY TRY TO TAKE AWAY YOUR FAITH. BUT WHAT OF TOMORROW? WHAT THEN? DO THE DEMON-INFIDELS TAKE YOUR HOMES? YOUR CHILDREN? YOUR SIBLINGS? YOUR VERY LIVES? SO RISE UP! RISE UP, CHILDREN OF XWEDODAH! RISE UP, TRUTH-FOLLOWERS! EMBRACE THE WAYS OF MIGHTY XWEDODAH, THAT WHICH IS BOTH GOOD AND DIVINE!";;;;;;;;;;;x
VIETScarboroughFair.102.a;The crowd seems very energized.;;;;;;;;;;;;;x
VIETScarboroughFair.103.tooltip;I'm starting to like this man!;;;;;;;;;;;x
VIETScarboroughFair.103.title;WE ARE BUT MAGGOTS!;;;;;;;;;;;x
VIETScarboroughFair.103.desc;Lately, you try to spend some time every week in the local market, listening to that preacher preach. He may be loud and obnoxious to some, but to many, he is inspiring, as if God were speaking through him! Today the man begins his sermon:\n\n"TERRIBLE AND POWERFUL XWEDODAH! WE, YOUR UNWORTHY FOLLOWERS, GIVE PRAISE! FOR ONLY THROUGH THE LOVE BETWEEN BROTHERS AND SISTERS MAY WE TRULY REACH ENLIGHTENMENT! AND DESERVE OUR PRAISE YOU DO, XWEDODAH, FOR WE ARE BUT MAGGOTS, WRITHING IN THE FILTH OF OUR OWN CORRUPTION! WHILE YOU GIVE US THE MEANS TO ASCEND FROM THE DUNG OF MORTALITY, AND WALK AMONG THE STARS!";;;;;;;;;;;x
VIETScarboroughFair.103.a;Xwedodah saves all!;;;;;;;;;;;;;x
VIETScarboroughFair.104.tooltip;I don't know whether it's his teachings or his voice, there's something mesmerizing about him. I feel as if my faith has been renewed!;;;;;;;;;;;x
VIETScarboroughFair.104.title;NOT AT ANY PRICE!;;;;;;;;;;;x
VIETScarboroughFair.104.desc;Once more, you visit the same preacher in the market. Today his speech is passionate as ever: "WHY DO THE INFIDEL KINGS BAN XWEDODAH, THE LOVE BETWEEN BROTHER AND SISTER? BECAUSE THEY ARE COWARDS! THAT'S RIGHT, I SAID COWARDS! OH YES! THEY AGREED TO BANISH THE PRACTICE OF XWEDODAH THROUGH THE LIE OF THE DEMONS. THEY CALL IT THE 'MORAL' THING TO DO. WELL, I CALL IT BLASPHEMY! A TRUE FOLLOWER OF THE TRUTH WOULD NEVER TURN BACK ON XWEDODAH, NOT AT ANY PRICE. WELL, LET ME TELL YOU SOMETHING, FRIENDS. HERE - HERE! - WHERE TRUTH STILL PREVAILS IN THE HEARTS OF MEN, WE WILL NEVER FORSAKE MIGHTY XWEDODAH! LET THE DEMON-WORSHIPPERS COME! I HAVE NO FEAR, FOR XWEDODAH IS MY ALLY AND WE ARE ITS CHILDREN.";;;;;;;;;;;x
VIETScarboroughFair.104.a;This man speaks truth! Death to the Xwedodah-defiling infidels!;;;;;;;;;;;;;x
VIETScarboroughFair.105.tooltip;Hurrah! May Xwedodah flourish forever and ever!;;;;;;;;;;;x
VIETScarboroughFair.105.title;UNITE IN LOVE;;;;;;;;;;;x
VIETScarboroughFair.105.desc;And once more, you find yourself coming to see the preacher in the market. As you arrive today, his speech is well under way: "THE GREATEST DEED WE CAN DO TO PLEASE THE HEAVENS IS XWEDODAH! TO EMBRACE YOUR SIBLING IS TO BE A FRIEND OF TRUTH, AN ENEMY OF THE LIE! BANISH THE LIE FROM YOUR MIND, THE LIE THAT TURNS YOU AWAY FROM XWEDODAH - BANISH IT, FOR IT CANNOT WIN. THAT'S RIGHT! THERE IS NO ESCAPE, NO HOPE AGAINST TRUTH, AGAINST THE HOLY FIRE OF XWEDODAH THAT BURNS THE WICKEDNESS OF MEN AWAY. XWEDODAH THE INVINCIBLE! XWEDODAH THE UNDESTROYABLE! XWEDODAH THE EVERLASTING! TO YOU WE GIVE PRAISE! BROTHERS AND SISTERS, UNITE IN LOVE, UNITE IN TRUTH! DRIVE BACK THE DEMONS! DRIVE BACK THE LIE!";;;;;;;;;;;x
VIETScarboroughFair.105.a;I've realized something. I must invite this man to my court!;;;;;;;;;;;;;x
LONG_LIVE_XWEDODAH;\n\nHis words have opened my eyes. Xwedodah is Truth! HE WILL SPREAD THE GREAT XWEDODAH THROUGH OUR LAND!;;;;;;;;;;;x
VIETScarboroughFair.106.desc;xxxxx;;;;;;;;;;;x
VIETScarboroughFair.106.a;Xxxxxxffff;;;;;;;;;;;;;x
VIETScarboroughFair.107.desc;xxxxx;;;;;;;;;;;x
VIETScarboroughFair.107.a;Xxxxxxffff;;;;;;;;;;;;;x
VIETScarboroughFair.108.desc;xxxxx;;;;;;;;;;;x
VIETScarboroughFair.108.a;Xxxxxxffff;;;;;;;;;;;;;x
VIETScarboroughFair.109.desc;xxxxx;;;;;;;;;;;x
VIETScarboroughFair.109.a;Xxxxxxffff;;;;;;;;;;;;;x
VIETScarboroughFair.110.desc;xxxxx;;;;;;;;;;;x
VIETScarboroughFair.110.a;Xxxxxxffff;;;;;;;;;;;;;x
VIETScarboroughFair.111.desc;xxxxx;;;;;;;;;;;x
VIETScarboroughFair.111.a;Xxxxxxffff;;;;;;;;;;;;;x
VIETScarboroughFair.112.desc;xxxxx;;;;;;;;;;;x
VIETScarboroughFair.112.a;Xxxxxxffff;;;;;;;;;;;;;x
VIETScarboroughFair.113.desc;xxxxx;;;;;;;;;;;x
VIETScarboroughFair.113.a;Xxxxxxffff;;;;;;;;;;;;;x
VIETScarboroughFair.114.desc;xxxxx;;;;;;;;;;;x
VIETScarboroughFair.114.a;Xxxxxxffff;;;;;;;;;;;;;x
VIETScarboroughFair.115.desc;xxxxx;;;;;;;;;;;x
VIETScarboroughFair.115.a;Xxxxxxffff;;;;;;;;;;;;;x
VIETScarboroughFair.116.desc;xxxxx;;;;;;;;;;;x
VIETScarboroughFair.116.a;Xxxxxxffff;;;;;;;;;;;;;x
VIETScarboroughFair.117.desc;xxxxx;;;;;;;;;;;x
VIETScarboroughFair.117.a;Xxxxxxffff;;;;;;;;;;;;;x
VIETScarboroughFair.118.desc;xxxxx;;;;;;;;;;;x
VIETScarboroughFair.118.a;Xxxxxxffff;;;;;;;;;;;;;x
VIETScarboroughFair.119.desc;xxxxx;;;;;;;;;;;x
VIETScarboroughFair.119.a;Xxxxxxffff;;;;;;;;;;;;;x
VIETScarboroughFair.120.desc;xxxxx;;;;;;;;;;;x
VIETScarboroughFair.120.a;Xxxxxxffff;;;;;;;;;;;;;x
VIETScarboroughFair.121.desc;xxxxx;;;;;;;;;;;x
VIETScarboroughFair.121.a;Xxxxxxffff;;;;;;;;;;;;;x
VIETScarboroughFair.122.desc;xxxxx;;;;;;;;;;;x
VIETScarboroughFair.122.a;Xxxxxxffff;;;;;;;;;;;;;x
VIETScarboroughFair.123.desc;xxxxx;;;;;;;;;;;x
VIETScarboroughFair.123.a;Xxxxxxffff;;;;;;;;;;;;;x
VIETScarboroughFair.124.desc;xxxxx;;;;;;;;;;;x
VIETScarboroughFair.124.a;Xxxxxxffff;;;;;;;;;;;;;x
VIETScarboroughFair.125.desc;xxxxx;;;;;;;;;;;x
VIETScarboroughFair.125.a;Xxxxxxffff;;;;;;;;;;;;;x
VIETScarboroughFair.126.desc;xxxxx;;;;;;;;;;;x
VIETScarboroughFair.126.a;Xxxxxxffff;;;;;;;;;;;;;x
VIETScarboroughFair.127.desc;xxxxx;;;;;;;;;;;x
VIETScarboroughFair.127.a;Xxxxxxffff;;;;;;;;;;;;;x
VIETScarboroughFair.128.desc;xxxxx;;;;;;;;;;;x
VIETScarboroughFair.128.a;Xxxxxxffff;;;;;;;;;;;;;x
VIETScarboroughFair.129.desc;xxxxx;;;;;;;;;;;x
VIETScarboroughFair.129.a;Xxxxxxffff;;;;;;;;;;;;;x
VIETScarboroughFair.130.desc;xxxxx;;;;;;;;;;;x
VIETScarboroughFair.130.a;Xxxxxxffff;;;;;;;;;;;;;x
VIETScarboroughFair.131.desc;xxxxx;;;;;;;;;;;x
VIETScarboroughFair.131.a;Xxxxxxffff;;;;;;;;;;;;;x
VIETScarboroughFair.132.desc;xxxxx;;;;;;;;;;;x
VIETScarboroughFair.132.a;Xxxxxxffff;;;;;;;;;;;;;x
VIETScarboroughFair.133.desc;xxxxx;;;;;;;;;;;x
VIETScarboroughFair.133.a;Xxxxxxffff;;;;;;;;;;;;;x
VIETScarboroughFair.134.desc;xxxxx;;;;;;;;;;;x
VIETScarboroughFair.134.a;Xxxxxxffff;;;;;;;;;;;;;x
VIETScarboroughFair.135.desc;xxxxx;;;;;;;;;;;x
VIETScarboroughFair.135.a;Xxxxxxffff;;;;;;;;;;;;;x
VIETScarboroughFair.136.desc;xxxxx;;;;;;;;;;;x
VIETScarboroughFair.136.a;Xxxxxxffff;;;;;;;;;;;;;x
VIETScarboroughFair.137.desc;xxxxx;;;;;;;;;;;x
VIETScarboroughFair.137.a;Xxxxxxffff;;;;;;;;;;;;;x
VIETScarboroughFair.138.desc;xxxxx;;;;;;;;;;;x
VIETScarboroughFair.138.a;Xxxxxxffff;;;;;;;;;;;;;x
VIETScarboroughFair.139.desc;xxxxx;;;;;;;;;;;x
VIETScarboroughFair.139.a;Xxxxxxffff;;;;;;;;;;;;;x
VIETScarboroughFair.140.desc;xxxxx;;;;;;;;;;;x
VIETScarboroughFair.140.a;Xxxxxxffff;;;;;;;;;;;;;x
VIETScarboroughFair.141.desc;xxxxx;;;;;;;;;;;x
VIETScarboroughFair.141.a;Xxxxxxffff;;;;;;;;;;;;;x
VIETScarboroughFair.142.desc;xxxxx;;;;;;;;;;;x
VIETScarboroughFair.142.a;Xxxxxxffff;;;;;;;;;;;;;x
VIETScarboroughFair.143.desc;xxxxx;;;;;;;;;;;x
VIETScarboroughFair.143.a;Xxxxxxffff;;;;;;;;;;;;;x
VIETScarboroughFair.144.desc;xxxxx;;;;;;;;;;;x
VIETScarboroughFair.144.a;Xxxxxxffff;;;;;;;;;;;;;x
VIETScarboroughFair.145.desc;xxxxx;;;;;;;;;;;x
VIETScarboroughFair.145.a;Xxxxxxffff;;;;;;;;;;;;;x
VIETScarboroughFair.146.desc;xxxxx;;;;;;;;;;;x
VIETScarboroughFair.146.a;Xxxxxxffff;;;;;;;;;;;;;x
VIETScarboroughFair.147.desc;xxxxx;;;;;;;;;;;x
VIETScarboroughFair.147.a;Xxxxxxffff;;;;;;;;;;;;;x
VIETScarboroughFair.148.desc;xxxxx;;;;;;;;;;;x
VIETScarboroughFair.148.a;Xxxxxxffff;;;;;;;;;;;;;x
VIETScarboroughFair.149.desc;xxxxx;;;;;;;;;;;x
VIETScarboroughFair.149.a;Xxxxxxffff;;;;;;;;;;;;;x
VIETScarboroughFair.150.desc;xxxxx;;;;;;;;;;;x
VIETScarboroughFair.150.a;Xxxxxxffff;;;;;;;;;;;;;x
VIETScarboroughFair.151.desc;xxxxx;;;;;;;;;;;x
VIETScarboroughFair.151.a;Xxxxxxffff;;;;;;;;;;;;;x
VIETScarboroughFair.152.desc;xxxxx;;;;;;;;;;;x
VIETScarboroughFair.152.a;Xxxxxxffff;;;;;;;;;;;;;x
VIETScarboroughFair.153.desc;xxxxx;;;;;;;;;;;x
VIETScarboroughFair.153.a;Xxxxxxffff;;;;;;;;;;;;;x
VIETScarboroughFair.154.desc;xxxxx;;;;;;;;;;;x
VIETScarboroughFair.154.a;Xxxxxxffff;;;;;;;;;;;;;x
VIETScarboroughFair.155.desc;xxxxx;;;;;;;;;;;x
VIETScarboroughFair.155.a;Xxxxxxffff;;;;;;;;;;;;;x
VIETScarboroughFair.156.desc;xxxxx;;;;;;;;;;;x
VIETScarboroughFair.156.a;Xxxxxxffff;;;;;;;;;;;;;x
VIETScarboroughFair.157.desc;xxxxx;;;;;;;;;;;x
VIETScarboroughFair.157.a;Xxxxxxffff;;;;;;;;;;;;;x
VIETScarboroughFair.158.desc;xxxxx;;;;;;;;;;;x
VIETScarboroughFair.158.a;Xxxxxxffff;;;;;;;;;;;;;x
VIETScarboroughFair.159.desc;xxxxx;;;;;;;;;;;x
VIETScarboroughFair.159.a;Xxxxxxffff;;;;;;;;;;;;;x
VIETScarboroughFair.160.desc;xxxxx;;;;;;;;;;;x
VIETScarboroughFair.160.a;Xxxxxxffff;;;;;;;;;;;;;x
VIETScarboroughFair.161.desc;xxxxx;;;;;;;;;;;x
VIETScarboroughFair.161.a;Xxxxxxffff;;;;;;;;;;;;;x
VIETScarboroughFair.162.desc;xxxxx;;;;;;;;;;;x
VIETScarboroughFair.162.a;Xxxxxxffff;;;;;;;;;;;;;x
VIETScarboroughFair.163.desc;xxxxx;;;;;;;;;;;x
VIETScarboroughFair.163.a;Xxxxxxffff;;;;;;;;;;;;;x
VIETScarboroughFair.164.desc;xxxxx;;;;;;;;;;;x
VIETScarboroughFair.164.a;Xxxxxxffff;;;;;;;;;;;;;x
VIETScarboroughFair.165.desc;xxxxx;;;;;;;;;;;x
VIETScarboroughFair.165.a;Xxxxxxffff;;;;;;;;;;;;;x
VIETScarboroughFair.166.desc;xxxxx;;;;;;;;;;;x
VIETScarboroughFair.166.a;Xxxxxxffff;;;;;;;;;;;;;x
VIETScarboroughFair.167.desc;xxxxx;;;;;;;;;;;x
VIETScarboroughFair.167.a;Xxxxxxffff;;;;;;;;;;;;;x
VIETScarboroughFair.168.desc;xxxxx;;;;;;;;;;;x
VIETScarboroughFair.168.a;Xxxxxxffff;;;;;;;;;;;;;x
VIETScarboroughFair.169.desc;xxxxx;;;;;;;;;;;x
VIETScarboroughFair.169.a;Xxxxxxffff;;;;;;;;;;;;;x
VIETScarboroughFair.170.desc;xxxxx;;;;;;;;;;;x
VIETScarboroughFair.170.a;Xxxxxxffff;;;;;;;;;;;;;x
VIETScarboroughFair.171.desc;xxxxx;;;;;;;;;;;x
VIETScarboroughFair.171.a;Xxxxxxffff;;;;;;;;;;;;;x
VIETScarboroughFair.172.desc;xxxxx;;;;;;;;;;;x
VIETScarboroughFair.172.a;Xxxxxxffff;;;;;;;;;;;;;x
VIETScarboroughFair.173.desc;xxxxx;;;;;;;;;;;x
VIETScarboroughFair.173.a;Xxxxxxffff;;;;;;;;;;;;;x
VIETScarboroughFair.174.desc;xxxxx;;;;;;;;;;;x
VIETScarboroughFair.174.a;Xxxxxxffff;;;;;;;;;;;;;x
VIETScarboroughFair.175.desc;xxxxx;;;;;;;;;;;x
VIETScarboroughFair.175.a;Xxxxxxffff;;;;;;;;;;;;;x
VIETScarboroughFair.176.desc;xxxxx;;;;;;;;;;;x
VIETScarboroughFair.176.a;Xxxxxxffff;;;;;;;;;;;;;x
VIETScarboroughFair.177.desc;xxxxx;;;;;;;;;;;x
VIETScarboroughFair.177.a;Xxxxxxffff;;;;;;;;;;;;;x
VIETScarboroughFair.178.desc;xxxxx;;;;;;;;;;;x
VIETScarboroughFair.178.a;Xxxxxxffff;;;;;;;;;;;;;x
VIETScarboroughFair.179.desc;xxxxx;;;;;;;;;;;x
VIETScarboroughFair.179.a;Xxxxxxffff;;;;;;;;;;;;;x
VIETScarboroughFair.180.desc;xxxxx;;;;;;;;;;;x
VIETScarboroughFair.180.a;Xxxxxxffff;;;;;;;;;;;;;x
VIETScarboroughFair.181.desc;xxxxx;;;;;;;;;;;x
VIETScarboroughFair.181.a;Xxxxxxffff;;;;;;;;;;;;;x
VIETScarboroughFair.182.desc;xxxxx;;;;;;;;;;;x
VIETScarboroughFair.182.a;Xxxxxxffff;;;;;;;;;;;;;x
VIETScarboroughFair.183.desc;xxxxx;;;;;;;;;;;x
VIETScarboroughFair.183.a;Xxxxxxffff;;;;;;;;;;;;;x
VIETScarboroughFair.184.desc;xxxxx;;;;;;;;;;;x
VIETScarboroughFair.184.a;Xxxxxxffff;;;;;;;;;;;;;x
VIETScarboroughFair.185.desc;xxxxx;;;;;;;;;;;x
VIETScarboroughFair.185.a;Xxxxxxffff;;;;;;;;;;;;;x
VIETScarboroughFair.186.desc;xxxxx;;;;;;;;;;;x
VIETScarboroughFair.186.a;Xxxxxxffff;;;;;;;;;;;;;x
VIETScarboroughFair.187.desc;xxxxx;;;;;;;;;;;x
VIETScarboroughFair.187.a;Xxxxxxffff;;;;;;;;;;;;;x
VIETScarboroughFair.188.desc;xxxxx;;;;;;;;;;;x
VIETScarboroughFair.188.a;Xxxxxxffff;;;;;;;;;;;;;x
VIETScarboroughFair.189.desc;xxxxx;;;;;;;;;;;x
VIETScarboroughFair.189.a;Xxxxxxffff;;;;;;;;;;;;;x
VIETScarboroughFair.190.desc;xxxxx;;;;;;;;;;;x
VIETScarboroughFair.190.a;Xxxxxxffff;;;;;;;;;;;;;x
VIETScarboroughFair.191.desc;xxxxx;;;;;;;;;;;x
VIETScarboroughFair.191.a;Xxxxxxffff;;;;;;;;;;;;;x
VIETScarboroughFair.192.desc;xxxxx;;;;;;;;;;;x
VIETScarboroughFair.192.a;Xxxxxxffff;;;;;;;;;;;;;x
VIETScarboroughFair.193.desc;xxxxx;;;;;;;;;;;x
VIETScarboroughFair.193.a;Xxxxxxffff;;;;;;;;;;;;;x
VIETScarboroughFair.194.desc;xxxxx;;;;;;;;;;;x
VIETScarboroughFair.194.a;Xxxxxxffff;;;;;;;;;;;;;x
VIETScarboroughFair.195.desc;xxxxx;;;;;;;;;;;x
VIETScarboroughFair.195.a;Xxxxxxffff;;;;;;;;;;;;;x
VIETScarboroughFair.196.desc;xxxxx;;;;;;;;;;;x
VIETScarboroughFair.196.a;Xxxxxxffff;;;;;;;;;;;;;x
VIETScarboroughFair.197.desc;xxxxx;;;;;;;;;;;x
VIETScarboroughFair.197.a;Xxxxxxffff;;;;;;;;;;;;;x
VIETScarboroughFair.198.desc;xxxxx;;;;;;;;;;;x
VIETScarboroughFair.198.a;Xxxxxxffff;;;;;;;;;;;;;x
VIETScarboroughFair.199.desc;xxxxx;;;;;;;;;;;x
VIETScarboroughFair.199.a;Xxxxxxffff;;;;;;;;;;;;;x
VIETScarboroughFair.200.desc;xxxxx;;;;;;;;;;;x
VIETScarboroughFair.200.a;Xxxxxxffff;;;;;;;;;;;;;x
VIETScarboroughFair.201.desc;xxxxx;;;;;;;;;;;x
VIETScarboroughFair.201.a;Xxxxxxffff;;;;;;;;;;;;;x
VIETScarboroughFair.202.desc;xxxxx;;;;;;;;;;;x
VIETScarboroughFair.202.a;Xxxxxxffff;;;;;;;;;;;;;x
VIETScarboroughFair.203.desc;xxxxx;;;;;;;;;;;x
VIETScarboroughFair.203.a;Xxxxxxffff;;;;;;;;;;;;;x
VIETScarboroughFair.204.desc;xxxxx;;;;;;;;;;;x
VIETScarboroughFair.204.a;Xxxxxxffff;;;;;;;;;;;;;x
VIETScarboroughFair.205.desc;xxxxx;;;;;;;;;;;x
VIETScarboroughFair.205.a;Xxxxxxffff;;;;;;;;;;;;;x
VIETScarboroughFair.206.desc;xxxxx;;;;;;;;;;;x
VIETScarboroughFair.206.a;Xxxxxxffff;;;;;;;;;;;;;x
VIETScarboroughFair.207.desc;xxxxx;;;;;;;;;;;x
VIETScarboroughFair.207.a;Xxxxxxffff;;;;;;;;;;;;;x
VIETScarboroughFair.208.desc;xxxxx;;;;;;;;;;;x
VIETScarboroughFair.208.a;Xxxxxxffff;;;;;;;;;;;;;x
VIETScarboroughFair.209.desc;xxxxx;;;;;;;;;;;x
VIETScarboroughFair.209.a;Xxxxxxffff;;;;;;;;;;;;;x
VIETScarboroughFair.210.desc;xxxxx;;;;;;;;;;;x
VIETScarboroughFair.210.a;Xxxxxxffff;;;;;;;;;;;;;x
VIETScarboroughFair.211.desc;xxxxx;;;;;;;;;;;x
VIETScarboroughFair.211.a;Xxxxxxffff;;;;;;;;;;;;;x
VIETScarboroughFair.212.desc;xxxxx;;;;;;;;;;;x
VIETScarboroughFair.212.a;Xxxxxxffff;;;;;;;;;;;;;x
VIETScarboroughFair.213.desc;xxxxx;;;;;;;;;;;x
VIETScarboroughFair.213.a;Xxxxxxffff;;;;;;;;;;;;;x
VIETScarboroughFair.214.desc;xxxxx;;;;;;;;;;;x
VIETScarboroughFair.214.a;Xxxxxxffff;;;;;;;;;;;;;x
VIETScarboroughFair.215.desc;xxxxx;;;;;;;;;;;x
VIETScarboroughFair.215.a;Xxxxxxffff;;;;;;;;;;;;;x
VIETScarboroughFair.216.desc;xxxxx;;;;;;;;;;;x
VIETScarboroughFair.216.a;Xxxxxxffff;;;;;;;;;;;;;x
VIETScarboroughFair.217.desc;xxxxx;;;;;;;;;;;x
VIETScarboroughFair.217.a;Xxxxxxffff;;;;;;;;;;;;;x
VIETScarboroughFair.218.desc;xxxxx;;;;;;;;;;;x
VIETScarboroughFair.218.a;Xxxxxxffff;;;;;;;;;;;;;x
VIETScarboroughFair.219.desc;xxxxx;;;;;;;;;;;x
VIETScarboroughFair.219.a;Xxxxxxffff;;;;;;;;;;;;;x
VIETScarboroughFair.220.desc;xxxxx;;;;;;;;;;;x
VIETScarboroughFair.220.a;Xxxxxxffff;;;;;;;;;;;;;x
VIETScarboroughFair.221.desc;xxxxx;;;;;;;;;;;x
VIETScarboroughFair.221.a;Xxxxxxffff;;;;;;;;;;;;;x
VIETScarboroughFair.222.desc;xxxxx;;;;;;;;;;;x
VIETScarboroughFair.222.a;Xxxxxxffff;;;;;;;;;;;;;x
VIETScarboroughFair.223.desc;xxxxx;;;;;;;;;;;x
VIETScarboroughFair.223.a;Xxxxxxffff;;;;;;;;;;;;;x
VIETScarboroughFair.224.desc;xxxxx;;;;;;;;;;;x
VIETScarboroughFair.224.a;Xxxxxxffff;;;;;;;;;;;;;x
VIETScarboroughFair.225.desc;xxxxx;;;;;;;;;;;x
VIETScarboroughFair.225.a;Xxxxxxffff;;;;;;;;;;;;;x
VIETScarboroughFair.226.desc;xxxxx;;;;;;;;;;;x
VIETScarboroughFair.226.a;Xxxxxxffff;;;;;;;;;;;;;x
VIETScarboroughFair.227.desc;xxxxx;;;;;;;;;;;x
VIETScarboroughFair.227.a;Xxxxxxffff;;;;;;;;;;;;;x
VIETScarboroughFair.228.desc;xxxxx;;;;;;;;;;;x
VIETScarboroughFair.228.a;Xxxxxxffff;;;;;;;;;;;;;x
VIETScarboroughFair.229.desc;xxxxx;;;;;;;;;;;x
VIETScarboroughFair.229.a;Xxxxxxffff;;;;;;;;;;;;;x
VIETScarboroughFair.230.desc;xxxxx;;;;;;;;;;;x
VIETScarboroughFair.230.a;Xxxxxxffff;;;;;;;;;;;;;x
VIETScarboroughFair.231.desc;xxxxx;;;;;;;;;;;x
VIETScarboroughFair.231.a;Xxxxxxffff;;;;;;;;;;;;;x
VIETScarboroughFair.232.desc;xxxxx;;;;;;;;;;;x
VIETScarboroughFair.232.a;Xxxxxxffff;;;;;;;;;;;;;x
VIETScarboroughFair.233.desc;xxxxx;;;;;;;;;;;x
VIETScarboroughFair.233.a;Xxxxxxffff;;;;;;;;;;;;;x
VIETScarboroughFair.234.desc;xxxxx;;;;;;;;;;;x
VIETScarboroughFair.234.a;Xxxxxxffff;;;;;;;;;;;;;x
VIETScarboroughFair.235.desc;xxxxx;;;;;;;;;;;x
VIETScarboroughFair.235.a;Xxxxxxffff;;;;;;;;;;;;;x
VIETScarboroughFair.236.desc;xxxxx;;;;;;;;;;;x
VIETScarboroughFair.236.a;Xxxxxxffff;;;;;;;;;;;;;x
VIETScarboroughFair.237.desc;xxxxx;;;;;;;;;;;x
VIETScarboroughFair.237.a;Xxxxxxffff;;;;;;;;;;;;;x
VIETScarboroughFair.238.desc;xxxxx;;;;;;;;;;;x
VIETScarboroughFair.238.a;Xxxxxxffff;;;;;;;;;;;;;x
VIETScarboroughFair.239.desc;xxxxx;;;;;;;;;;;x
VIETScarboroughFair.239.a;Xxxxxxffff;;;;;;;;;;;;;x
VIETScarboroughFair.240.desc;xxxxx;;;;;;;;;;;x
VIETScarboroughFair.240.a;Xxxxxxffff;;;;;;;;;;;;;x
VIETScarboroughFair.241.desc;xxxxx;;;;;;;;;;;x
VIETScarboroughFair.241.a;Xxxxxxffff;;;;;;;;;;;;;x
VIETScarboroughFair.242.desc;xxxxx;;;;;;;;;;;x
VIETScarboroughFair.242.a;Xxxxxxffff;;;;;;;;;;;;;x
VIETScarboroughFair.243.desc;xxxxx;;;;;;;;;;;x
VIETScarboroughFair.243.a;Xxxxxxffff;;;;;;;;;;;;;x
VIETScarboroughFair.244.desc;xxxxx;;;;;;;;;;;x
VIETScarboroughFair.244.a;Xxxxxxffff;;;;;;;;;;;;;x
VIETScarboroughFair.245.desc;xxxxx;;;;;;;;;;;x
VIETScarboroughFair.245.a;Xxxxxxffff;;;;;;;;;;;;;x
VIETScarboroughFair.246.desc;xxxxx;;;;;;;;;;;x
VIETScarboroughFair.246.a;Xxxxxxffff;;;;;;;;;;;;;x
VIETScarboroughFair.247.desc;xxxxx;;;;;;;;;;;x
VIETScarboroughFair.247.a;Xxxxxxffff;;;;;;;;;;;;;x
VIETScarboroughFair.248.desc;xxxxx;;;;;;;;;;;x
VIETScarboroughFair.248.a;Xxxxxxffff;;;;;;;;;;;;;x
VIETScarboroughFair.249.desc;xxxxx;;;;;;;;;;;x
VIETScarboroughFair.249.a;Xxxxxxffff;;;;;;;;;;;;;x
VIETScarboroughFair.250.desc;xxxxx;;;;;;;;;;;x
VIETScarboroughFair.250.a;Xxxxxxffff;;;;;;;;;;;;;x
VIETScarboroughFair.251.desc;xxxxx;;;;;;;;;;;x
VIETScarboroughFair.251.a;Xxxxxxffff;;;;;;;;;;;;;x
VIETScarboroughFair.252.desc;xxxxx;;;;;;;;;;;x
VIETScarboroughFair.252.a;Xxxxxxffff;;;;;;;;;;;;;x
VIETScarboroughFair.253.desc;xxxxx;;;;;;;;;;;x
VIETScarboroughFair.253.a;Xxxxxxffff;;;;;;;;;;;;;x
VIETScarboroughFair.254.desc;xxxxx;;;;;;;;;;;x
VIETScarboroughFair.254.a;Xxxxxxffff;;;;;;;;;;;;;x
VIETScarboroughFair.255.desc;xxxxx;;;;;;;;;;;x
VIETScarboroughFair.255.a;Xxxxxxffff;;;;;;;;;;;;;x
VIETScarboroughFair.256.desc;xxxxx;;;;;;;;;;;x
VIETScarboroughFair.256.a;Xxxxxxffff;;;;;;;;;;;;;x
VIETScarboroughFair.257.desc;xxxxx;;;;;;;;;;;x
VIETScarboroughFair.257.a;Xxxxxxffff;;;;;;;;;;;;;x
VIETScarboroughFair.258.desc;xxxxx;;;;;;;;;;;x
VIETScarboroughFair.258.a;Xxxxxxffff;;;;;;;;;;;;;x
VIETScarboroughFair.259.desc;xxxxx;;;;;;;;;;;x
VIETScarboroughFair.259.a;Xxxxxxffff;;;;;;;;;;;;;x
VIETScarboroughFair.260.desc;xxxxx;;;;;;;;;;;x
VIETScarboroughFair.260.a;Xxxxxxffff;;;;;;;;;;;;;x
VIETScarboroughFair.261.desc;xxxxx;;;;;;;;;;;x
VIETScarboroughFair.261.a;Xxxxxxffff;;;;;;;;;;;;;x
VIETScarboroughFair.262.desc;xxxxx;;;;;;;;;;;x
VIETScarboroughFair.262.a;Xxxxxxffff;;;;;;;;;;;;;x
VIETScarboroughFair.263.desc;xxxxx;;;;;;;;;;;x
VIETScarboroughFair.263.a;Xxxxxxffff;;;;;;;;;;;;;x
VIETScarboroughFair.264.desc;xxxxx;;;;;;;;;;;x
VIETScarboroughFair.264.a;Xxxxxxffff;;;;;;;;;;;;;x
VIETScarboroughFair.265.desc;xxxxx;;;;;;;;;;;x
VIETScarboroughFair.265.a;Xxxxxxffff;;;;;;;;;;;;;x
VIETScarboroughFair.266.desc;xxxxx;;;;;;;;;;;x
VIETScarboroughFair.266.a;Xxxxxxffff;;;;;;;;;;;;;x
VIETScarboroughFair.267.desc;xxxxx;;;;;;;;;;;x
VIETScarboroughFair.267.a;Xxxxxxffff;;;;;;;;;;;;;x
VIETScarboroughFair.268.desc;xxxxx;;;;;;;;;;;x
VIETScarboroughFair.268.a;Xxxxxxffff;;;;;;;;;;;;;x
VIETScarboroughFair.269.desc;xxxxx;;;;;;;;;;;x
VIETScarboroughFair.269.a;Xxxxxxffff;;;;;;;;;;;;;x
VIETScarboroughFair.270.desc;xxxxx;;;;;;;;;;;x
VIETScarboroughFair.270.a;Xxxxxxffff;;;;;;;;;;;;;x
VIETScarboroughFair.271.desc;xxxxx;;;;;;;;;;;x
VIETScarboroughFair.271.a;Xxxxxxffff;;;;;;;;;;;;;x
VIETScarboroughFair.272.desc;xxxxx;;;;;;;;;;;x
VIETScarboroughFair.272.a;Xxxxxxffff;;;;;;;;;;;;;x
VIETScarboroughFair.273.desc;xxxxx;;;;;;;;;;;x
VIETScarboroughFair.273.a;Xxxxxxffff;;;;;;;;;;;;;x
VIETScarboroughFair.274.desc;xxxxx;;;;;;;;;;;x
VIETScarboroughFair.274.a;Xxxxxxffff;;;;;;;;;;;;;x
VIETScarboroughFair.275.desc;xxxxx;;;;;;;;;;;x
VIETScarboroughFair.275.a;Xxxxxxffff;;;;;;;;;;;;;x
VIETScarboroughFair.276.desc;xxxxx;;;;;;;;;;;x
VIETScarboroughFair.276.a;Xxxxxxffff;;;;;;;;;;;;;x
VIETScarboroughFair.277.desc;xxxxx;;;;;;;;;;;x
VIETScarboroughFair.277.a;Xxxxxxffff;;;;;;;;;;;;;x
VIETScarboroughFair.278.desc;xxxxx;;;;;;;;;;;x
VIETScarboroughFair.278.a;Xxxxxxffff;;;;;;;;;;;;;x
VIETScarboroughFair.279.desc;xxxxx;;;;;;;;;;;x
VIETScarboroughFair.279.a;Xxxxxxffff;;;;;;;;;;;;;x
VIETScarboroughFair.280.desc;xxxxx;;;;;;;;;;;x
VIETScarboroughFair.280.a;Xxxxxxffff;;;;;;;;;;;;;x
VIETScarboroughFair.281.desc;xxxxx;;;;;;;;;;;x
VIETScarboroughFair.281.a;Xxxxxxffff;;;;;;;;;;;;;x
VIETScarboroughFair.282.desc;xxxxx;;;;;;;;;;;x
VIETScarboroughFair.282.a;Xxxxxxffff;;;;;;;;;;;;;x
VIETScarboroughFair.283.desc;xxxxx;;;;;;;;;;;x
VIETScarboroughFair.283.a;Xxxxxxffff;;;;;;;;;;;;;x
VIETScarboroughFair.284.desc;xxxxx;;;;;;;;;;;x
VIETScarboroughFair.284.a;Xxxxxxffff;;;;;;;;;;;;;x
VIETScarboroughFair.285.desc;xxxxx;;;;;;;;;;;x
VIETScarboroughFair.285.a;Xxxxxxffff;;;;;;;;;;;;;x
VIETScarboroughFair.286.desc;xxxxx;;;;;;;;;;;x
VIETScarboroughFair.286.a;Xxxxxxffff;;;;;;;;;;;;;x
VIETScarboroughFair.287.desc;xxxxx;;;;;;;;;;;x
VIETScarboroughFair.287.a;Xxxxxxffff;;;;;;;;;;;;;x
VIETScarboroughFair.288.desc;xxxxx;;;;;;;;;;;x
VIETScarboroughFair.288.a;Xxxxxxffff;;;;;;;;;;;;;x
VIETScarboroughFair.289.desc;xxxxx;;;;;;;;;;;x
VIETScarboroughFair.289.a;Xxxxxxffff;;;;;;;;;;;;;x
VIETScarboroughFair.290.desc;xxxxx;;;;;;;;;;;x
VIETScarboroughFair.290.a;Xxxxxxffff;;;;;;;;;;;;;x
VIETScarboroughFair.291.desc;xxxxx;;;;;;;;;;;x
VIETScarboroughFair.291.a;Xxxxxxffff;;;;;;;;;;;;;x
VIETScarboroughFair.292.desc;xxxxx;;;;;;;;;;;x
VIETScarboroughFair.292.a;Xxxxxxffff;;;;;;;;;;;;;x
VIETScarboroughFair.293.desc;xxxxx;;;;;;;;;;;x
VIETScarboroughFair.293.a;Xxxxxxffff;;;;;;;;;;;;;x
VIETScarboroughFair.294.desc;xxxxx;;;;;;;;;;;x
VIETScarboroughFair.294.a;Xxxxxxffff;;;;;;;;;;;;;x
VIETScarboroughFair.295.desc;xxxxx;;;;;;;;;;;x
VIETScarboroughFair.295.a;Xxxxxxffff;;;;;;;;;;;;;x
VIETScarboroughFair.296.desc;xxxxx;;;;;;;;;;;x
VIETScarboroughFair.296.a;Xxxxxxffff;;;;;;;;;;;;;x
VIETScarboroughFair.297.desc;xxxxx;;;;;;;;;;;x
VIETScarboroughFair.297.a;Xxxxxxffff;;;;;;;;;;;;;x
VIETScarboroughFair.298.desc;xxxxx;;;;;;;;;;;x
VIETScarboroughFair.298.a;Xxxxxxffff;;;;;;;;;;;;;x
VIETScarboroughFair.299.desc;xxxxx;;;;;;;;;;;x
VIETScarboroughFair.299.a;Xxxxxxffff;;;;;;;;;;;;;x