# TITLES ;;;;;;;;;;;;;;x
#Mercenaries;;;;;;;;;;;;;;x
d_sindhi_bawarij;Sindhi Bawarij;Sindhi Bawarij;Sindhi Bawarij;;Sindhi Bawarij;;;;;;;;;x
d_sindhi_bawarij_adj;Sindhi;Sindhi;Sindhi;;Sindhi;;;;;;;;;x
d_sudanese_band;Sudanese Band;Bande soudanaise;Sudanese Band;;Sudanese Band;;;;;;;;;x
d_sudanese_band_adj;Sudanese;Soudanais;Sudanese;;Sudanese;;;;;;;;;x
d_agaw_band;Agaw Band;Bande d'Agaw;Agaw Band;;Agaw Band;;;;;;;;;x
d_agaw_band_adj;Agaw;Agaw;Agaw;;Agaw;;;;;;;;;x
d_beja_band;Beja Band;Bande de Beja;Beja Band;;Beja Band;;;;;;;;;x
d_beja_band_adj;Beja;Beja;Beja;;Beja;;;;;;;;;x
d_sofa_warriors;Sofa Warriors;Guerriers Sofa;Sofa Warriors;;Sofa Warriors;;;;;;;;;x
d_sofa_warriors_adj;Sofa;Sofa;Sofa;;Sofa;;;;;;;;;x
d_mandinka_horsemen;Mandinka Horsemen;Cavaliers Mandinka;Mandinka Horsemen;;Mandinka Horsemen;;;;;;;;;x
d_mandinka_horsemen_adj;Mandinka;Mandinka;Mandinka;;Mandinka;;;;;;;;;x
d_yotvingian_band;Yotvingian Band;Bande yotvingienne;Yotvingian Band;;Yotvingian Band;;;;;;;;;x
d_yotvingian_band_adj;Yotvingian;Yotvingien;Yotvingian;;Yotvingian;;;;;;;;;x
d_samogitian_band;Samogitian Band;Bande samogitienne;Samogitian Band;;Samogitian Band;;;;;;;;;x
d_samogitian_band_adj;Samogitian;Samogite;Samogitian;;Samogitian;;;;;;;;;x
d_estonian_band;Estonian Band;Bande estonienne;Estonian Band;;Estonian Band;;;;;;;;;x
d_estonian_band_adj;Estonian;Estonien;Estonian;;Estonian;;;;;;;;;x
d_chud_band;Chud Band;Bande Chud;Chud Band;;Chud Band;;;;;;;;;x
d_chud_band_adj;Chud;Chud;Chud;;Chud;;;;;;;;;x
#West Africa Expansion;;;;;;;;;;;;;;x
c_guinea_adj;Guinean;Guinéen;Guinean;;Guinean;;;;;;;;;x
b_conakry;Conakry;Conakry;Conakry;;Conakry;;;;;;;;;x
b_bissandugu;Bissandugu;Bissandugu;Bissandugu;;Bissandugu;;;;;;;;;x
b_timbo;Timbo;Timbo;Timbo;;Timbo;;;;;;;;;x
c_kaabu_adj;Kaabu;Kaabu;Kaabu;;Kaabu;;;;;;;;;x
b_kansala;Kansala;Kansala;Kansala;;Kansala;;;;;;;;;x
b_zaguinchor;Zaguinchor;Zaguinchor;Zaguinchor;;Zaguinchor;;;;;;;;;x
b_bissau;Bissau;Bissau;Bissau;;Bissau;;;;;;;;;x
b_gabu;Gabu;Gabu;Gabu;;Gabu;;;;;;;;;x
c_gambia_adj;Gambian;Gambien;Gambian;;Gambian;;;;;;;;;x
b_morfil;Morfil;Morfil;Morfil;;Morfil;;;;;;;;;x
b_kaniaga;Kaniaga;Kaniaga;Kaniaga;;Kaniaga;;;;;;;;;x
b_banjul;Banjul;Banjul;Banjul;;Banjul;;;;;;;;;x
b_serekunda;Serekunda;Serekunda;Serekunda;;Serekunda;;;;;;;;;x
c_senegal_adj;Senegalese;Sénégalais;Senegalese;;Senegalese;;;;;;;;;x
b_kahone;Kahone;Kahone;Kahone;;Kahone;;;;;;;;;x
b_touba;Touba;Touba;Touba;;Touba;;;;;;;;;x
b_tenguedj;Tenguedj;Tenguedj;Tenguedj;;Tenguedj;;;;;;;;;x
b_mederdra;Mederdra;Mederdra;Mederdra;;Mederdra;;;;;;;;;x
d_takrur;Takrur;Takrur;Takrur;;Takrur;;;;;;;;;x
d_takrur_adj;Takruri;Takruri;Takruri;;Takruri;;;;;;;;;x
d_kaabu;Kaabu;Kaabu;Kaabu;;Kaabu;;;;;;;;;x
d_kaabu_adj;Kaabu;Kaabu;Kaabu;;Kaabu;;;;;;;;;x
c_chemama_adj;Chemama;Chemama;Chemama;;Chemama;;;;;;;;;x
b_kaedi;Kaedi;Kaedi;Kaedi;;Kaedi;;;;;;;;;x
b_boutilimit;Boutilimit;Boutilimit;Boutilimit;;Boutilimit;;;;;;;;;x
b_air;Air;Air;Air;;Air;;;;;;;;;x
b_ingall;In-Gall;In-Gall;In-Gall;;In-Gall;;;;;;;;;x
b_djanet;Djanet;Djanet;Djanet;;Djanet;;;;;;;;;x
k_jolof;Jolof;Jolof;;;;;;;;;;;;x
k_jolof_adj;Jolof;Jolof;;;;;;;;;;;;x
d_hayya;Alodia;Alodie;Alodia;;Alodia;;;;;;;;;x
d_hayya_adj;Alodian;Alodien;Alodian;;Alodian;;;;;;;;;x
k_songhay;Songhay;Songhaï;;;;;;;;;;;;x
k_songhay_adj;Songhay;Songhaï;;;;;;;;;;;;x
c_fuerteventura_adj;Fuerteventuran;Fuerteventurain;;;;;;;;;;;;x
c_gran_canaria_adj;Gran Canarian;Gran Canarien;;;;;;;;;;;;x
d_canarias;Canarias;Canaries;;;;;;;;;;;;x
d_canarias_adj;Canarian;Canarien;;;;;;;;;;;;x
k_canarias;Canarias;Canaries;;;;;;;;;;;;x
k_canarias_adj;Canarian;Canarien;;;;;;;;;;;;x
b_las_palmas;Las Palmas;Las Palmas;;;;;;;;;;;;x
b_frontera;Frontera;Frontera;;;;;;;;;;;;x
b_telde;Telde;Telde;;;;;;;;;;;;x
b_arucas;Arucas;Arucas;;;;;;;;;;;;x
b_anazo;Añazo;Añazo;;;;;;;;;;;;x
b_la_laguna;La Laguna;La Laguna;;;;;;;;;;;;x
b_adeje;Adeje;Adeje;;;;;;;;;;;;x
b_abona;Abona;Abona;;;;;;;;;;;;x
b_betancuria;Betancuria;Betancuria;;;;;;;;;;;;x
b_teguise;Teguise;Teguise;;;;;;;;;;;;x
b_arrecife;Arrecife;Arrecife;;;;;;;;;;;;x
b_el_bebedero;El Bebedero;El Bebedero;;;;;;;;;;;;x
d_agadez;Agadez;Agadez;;;;;;;;;;;;x
d_agadez_adj;Agadez;Agadez;;;;;;;;;;;;x
#East Africa Expansion;;;;;;;;;;;;;;x
d_maakhir;Maakhir;Maakhir;Maakhir;;Maakhir;;;;;;;;;x
d_maakhir_adj;Maakhir;Maakhir;Maakhir;;Maakhir;;;;;;;;;x
d_beja_african;Beja;Beja;Beja;;Beja;;;;;;;;;x
d_beja_african_adj;Beja;Beja;Beja;;Beja;;;;;;;;;x
k_beja;Beja;Beja;Beja;;Beja;;;;;;;;;x
k_beja_adj;Beja;Beja;Beja;;Beja;;;;;;;;;x
k_sennar;Sennar;Sennar;Sennar;;Sennar;;;;;;;;;x
k_sennar_adj;Sennar;Sennar;Sennar;;Sennar;;;;;;;;;x
k_semien;Semien;Semien;Semien;;Semien;;;;;;;;;x
k_semien_adj;Semien;Semien;Semien;;Semien;;;;;;;;;x
#k_somalia;Somalia;Somalie;Somalia;;Somalia;;;;;;;;;x
k_somalia_adj;Somali;Somali;Somali;;Somali;;;;;;;;;x
k_alodia;Alodia;Alodie;Alodia;;Alodia;;;;;;;;;x
k_alodia_adj;Alodian;Alodien;Alodian;;Alodian;;;;;;;;;x
d_darfur;Darfur;Darfour;Darfur;;Darfur;;;;;;;;;x
d_darfur_adj;Darfurian;Darfourien;Darfurian;;Darfurian;;;;;;;;;x
d_shilluk;Shilluk;Shilluk;Shilluk;;Shilluk;;;;;;;;;x
d_shilluk_adj;Shilluk;Shilluk;Shilluk;;Shilluk;;;;;;;;;x
d_maba;Maba;Maba;Maba;;Maba;;;;;;;;;x
d_maba_adj;Maba;Maba;Maba;;Maba;;;;;;;;;x
d_dinka;Dinka;Dinka;Dinka;;Dinka;;;;;;;;;x
d_dinka_adj;Dinka;Dinka;Dinka;;Dinka;;;;;;;;;x
d_daju;Daju;Daju;Daju;;Daju;;;;;;;;;x
d_daju_adj;Daju;Daju;Daju;;Daju;;;;;;;;;x
c_bayuda_adj;Bayuda;Bayuda;Bayuda;;Bayuda;;;;;;;;;x
b_dukki_gel;Dukki Gel;Dukki Gel;Dukki Gel;;Dukki Gel;;;;;;;;;x
#b_abri;Abri;Abri;Abri;;Abri;;;;;;;;;x
b_kadabas;Kadabas;Kadabas;Kadabas;;Kadabas;;;;;;;;;x
#b_soleb;Soleb;Soleb;Soleb;;Soleb;;;;;;;;;x
b_fareig;Fareig;Fareig;Fareig;;Fareig;;;;;;;;;x
#c_nobatia_adj;Nobatian;Nobate;Nobatian;;Nobatian;;;;;;;;;x
b_para;Para;Para;Para;;Para;;;;;;;;;x
b_ibrim;Ibrim;Ibrim;Ibrim;;Ibrim;;;;;;;;;x
b_kulb;Kulb;Kulb;Kulb;;Kulb;;;;;;;;;x
b_selima;Selima;Selima;Selima;;Selima;;;;;;;;;x
#b_delgo;Delgo;Delgo;Delgo;;Delgo;;;;;;;;;x
b_sonki_tino;Sonki Tino;Sonki Tino;Sonki Tino;;Sonki Tino;;;;;;;;;x
#c_socotra_adj;Socotri;Socotri;Socotri;;Socotri;;;;;;;;;x
b_suq;Suq;Suq;Suq;;Suq;;;;;;;;;x
#b_tamrida;Tamrida;Tamrida;Tamrida;;Tamrida;;;;;;;;;x
b_qulansiyah;Qulansiyah;Qulansiyah;Qulansiyah;;Qulansiyah;;;;;;;;;x
b_qadhub;Qadhub;Qadhub;Qadhub;;Qadhub;;;;;;;;;x
b_kilmia;Kilmia;Kilmia;Kilmia;;Kilmia;;;;;;;;;x
#c_aydhab_adj;Aydhab;Aydhab;Aydhab;;Aydhab;;;;;;;;;x
#b_aydhab;Aydhab;Aydhab;Aydhab;;Aydhab;;;;;;;;;x
#b_halayeb;Halayeb;Halayeb;Halayeb;;Halayeb;;;;;;;;;x
b_mukkawar;Mukkawar;Mukkawar;Mukkawar;;Mukkawar;;;;;;;;;x
#b_shalateen;Shalateen;Shalateen;Shalateen;;Shalateen;;;;;;;;;x
b_siyal;Siyal;Siyal;Siyal;;Siyal;;;;;;;;;x
b_gebel_elba;Gebel Elba;Gebel Elba;Gebel Elba;;Gebel Elba;;;;;;;;;x
c_medri_bahri_adj;Medri Bahri;Medri Bahri;Medri Bahri;;Medri Bahri;;;;;;;;;x
#b_massawa;Massawa;Massawa;Massawa;;Massawa;;;;;;;;;x
b_dahlak;Dahlak;Dahlak;Dahlak;;Dahlak;;;;;;;;;x
b_mendefera;Mendefera;Mendefera;Mendefera;;Mendefera;;;;;;;;;x
b_asmara;Asmara;Asmara;Asmara;;Asmara;;;;;;;;;x
b_sabarguma;Sabarguma;Sabarguma;Sabarguma;;Sabarguma;;;;;;;;;x
c_afar_adj;Afar;Afar;Afar;;Afar;;;;;;;;;x
b_dequ_mehari;Dequ-Mehari;Dequ-Mehari;Dequ-Mehari;;Dequ-Mehari;;;;;;;;;x
b_senafe;Senafe;Senafe;Senafe;;Senafe;;;;;;;;;x
b_debarwa;Debarwa;Debarwa;Debarwa;;Debarwa;;;;;;;;;x
b_asaita;Asaita;Asaita;Asaita;;Asaita;;;;;;;;;x
b_adaulou;Adaulou;Adaulou;Adaulou;;Adaulou;;;;;;;;;x
b_alailli_dadda;Alaili Dadda;Alaili Dadda;Alaili Dadda;;Alaili Dadda;;;;;;;;;x
c_ouaddai_adj;Ouaddai;Ouaddai;Ouaddai;;Ouaddai;;;;;;;;;x
b_abeche;Abeche;Abeche;Abeche;;Abeche;;;;;;;;;x
b_iriba;Iriba;Iriba;Iriba;;Iriba;;;;;;;;;x
b_fada;Fada;Fada;Fada;;Fada;;;;;;;;;x
b_zalingei;Zalingei;Zalingei;Zalingei;;Zalingei;;;;;;;;;x
b_el_daein;El Daein;El Daein;El Daein;;El Daein;;;;;;;;;x
b_geneina;Geneina;Geneina;Geneina;;Geneina;;;;;;;;;x
c_darfur_adj;Darfurian;Darfourien;Darfurian;;Darfurian;;;;;;;;;x
b_nyala;Nyala;Nyala;Nyala;;Nyala;;;;;;;;;x
b_al_fashir;Al-Fashir;Al-Fashir;Al-Fashir;;Al-Fashir;;;;;;;;;x
b_kutum;Kutum;Kutum;Kutum;;Kutum;;;;;;;;;x
b_kobbei;Kobbei;Kobbei;Kobbei;;Kobbei;;;;;;;;;x
b_ain_farah;Ain Farah;Ain Farah;Ain Farah;;Ain Farah;;;;;;;;;x
b_tabit;Tabit;Tabit;Tabit;;Tabit;;;;;;;;;x
b_um_sidir;Um Sidir;Um Sidir;Um Sidir;;Um Sidir;;;;;;;;;x
c_kurdufan_adj;Kurdufanian;Kurdufanien;Kurdufanian;;Kurdufanian;;;;;;;;;x
b_el_obeid;El Obeid;El Obeid;El Obeid;;El Obeid;;;;;;;;;x
b_um_ruwaba;Um Ruwaba;Um Ruwaba;Um Ruwaba;;Um Ruwaba;;;;;;;;;x
b_ed_dueim;Ed Dueim;Ed Dueim;Ed Dueim;;Ed Dueim;;;;;;;;;x
#b_barah;Barah;Barah;Barah;;Barah;;;;;;;;;x
b_tendelti;Tendelti;Tendelti;Tendelti;;Tendelti;;;;;;;;;x
b_abu_zadad;Abu Zadad;Abu Zadad;Abu Zadad;;Abu Zadad;;;;;;;;;x
c_bahr_el_ghazal_adj;Bahr el Ghazal;Bahr el Ghazal;Bahr el Ghazal;;Bahr el Ghazal;;;;;;;;;x
b_wau;Wau;Wau;Wau;;Wau;;;;;;;;;x
b_rumbek;Rumbek;Rumbek;Rumbek;;Rumbek;;;;;;;;;x
b_kuajok;Kuajok;Kuajok;Kuajok;;Kuajok;;;;;;;;;x
b_aweil;Aweil;Aweil;Aweil;;Aweil;;;;;;;;;x
b_bentiu;Bentiu;Bentiu;Bentiu;;Bentiu;;;;;;;;;x
b_birao;Birao;Birao;Birao;;Birao;;;;;;;;;x
c_jebel_uweinat_adj;Jebel Uweinat;Jebel Uweinat;Jebel Uweinat;;Jebel Uweinat;;;;;;;;;x
b_bir_murr;Bir Murr;Bir Murr;Bir Murr;;Bir Murr;;;;;;;;;x
b_ain_dua;Ain Dua;Ain Dua;Ain Dua;;Ain Dua;;;;;;;;;x
b_el_tag;El Tag;El Tag;El Tag;;El Tag;;;;;;;;;x
b_jabal_arkanu;Jabal Arkanu;Jabal Arkanu;Jabal Arkanu;;Jabal Arkanu;;;;;;;;;x
c_sudd_adj;Sudd;Sudd;Sudd;;Sudd;;;;;;;;;x
b_malek;Malek;Malek;Malek;;Malek;;;;;;;;;x
b_rabak;Rabak;Rabak;Rabak;;Rabak;;;;;;;;;x
b_ad_damazin;Ad Damazin;Ad Damazin;Ad Damazin;;Ad Damazin;;;;;;;;;x
b_renk;Renk;Renk;Renk;;Renk;;;;;;;;;x
b_marabba;Marabba;Marabba;Marabba;;Marabba;;;;;;;;;x
c_nuba_adj;Nuba;Nuba;Nuba;;Nuba;;;;;;;;;x
b_fashoda;Fashoda;Fashoda;Fashoda;;Fashoda;;;;;;;;;x
b_diling;Diling;Diling;Diling;;Diling;;;;;;;;;x
#b_kaduqli;Kaduqli;Kaduqli;Kaduqli;;Kaduqli;;;;;;;;;x
b_malakal;Malakal;Malakal;Malakal;;Malakal;;;;;;;;;x
b_talodi;Talodi;Talodi;Talodi;;Talodi;;;;;;;;;x
b_kologi;Kologi;Kologi;Kologi;;Kologi;;;;;;;;;x
#c_semien_adj;Semien;Semien;;;;;;;;;;;;x
b_semien;Semien;Semien;;;;;;;;;;;;x
b_sokota;Sokota;Sokota;;;;;;;;;;;;x
b_emfraz;Emfraz;Emfraz;;;;;;;;;;;;x
b_debarq;Debarq;Debarq;;;;;;;;;;;;x
b_kidane_mehret;Kidane Mehret;Kidane Mehret;;;;;;;;;;;;x
b_gultosh;Gultosh;Gultosh;;;;;;;;;;;;x
d_ouaddai;Ouaddai;Ouaddai;;;;;;;;;;;;x
d_ouaddai_adj;Ouaddai;Ouaddai;;;;;;;;;;;;x
d_suakin;Suakin;Suakin;;;;;;;;;;;;x
d_suakin_adj;Suakin;Suakin;;;;;;;;;;;;x
d_aydhab;Aydhab;Aydhab;;;;;;;;;;;;x
d_aydhab_adj;Aydhab;Aydhab;;;;;;;;;;;;x
k_adal;Adal;Adal;;;;;;;;;;;;x
k_adal_adj;Adal;Adal;;;;;;;;;;;;x
#Central Africa Expansion;;;;;;;;;;;;;;x
d_toubou;Toubou;Toubou;Toubou;;Toubou;;;;;;;;;x
d_toubou_adj;Toubou;Toubou;Toubou;;Toubou;;;;;;;;;x
d_zaghawa;Zaghawa;Zaghawa;Zaghawa;;Zaghawa;;;;;;;;;x
d_zaghawa_adj;Zaghawa;Zaghawa;Zaghawa;;Zaghawa;;;;;;;;;x
e_kanem_bornu;Kanem-Bornu;Kanem-Bornou;Kanem-Bornu;;Kanem-Bornu;;;;;;;;;x
e_kanem_bornu_adj;Kanem-Bornu;Kanem-Bornou;Kanem-Bornu;;Kanem-Bornu;;;;;;;;;x
k_hausa;Hausaland;Royaume haoussa;Hausaland;;Hausaland;;;;;;;;;x
k_hausa_adj;Hausa;Hausa;Hausa;;Hausa;;;;;;;;;x
k_kanem;Kanem;Kanem;Kanem;;Kanem;;;;;;;;;x
k_kanem_adj;Kanem;Kanem;Kanem;;Kanem;;;;;;;;;x
k_bornu;Bornu;Bornou;Bornu;;Bornu;;;;;;;;;x
k_bornu_adj;Bornu;Bornou;Bornu;;Bornu;;;;;;;;;x
k_sao;Sao;Sao;Sao;;Sao;;;;;;;;;x
k_sao_adj;Sao;Sao;Sao;;Sao;;;;;;;;;x
d_kano;Kano;Kano;Kano;;Kano;;;;;;;;;x
d_kano_adj;Kano;Kano;Kano;;Kano;;;;;;;;;x
d_daura;Daura;Daura;Daura;;Daura;;;;;;;;;x
d_daura_adj;Daura;Daura;Daura;;Daura;;;;;;;;;x
d_kotoko;Kotoko;Kotoko;Kotoko;;Kotoko;;;;;;;;;x
d_kotoko_adj;Kotoko;Kotoko;Kotoko;;Kotoko;;;;;;;;;x
d_bornu;Bornu;Bornou;Bornu;;Bornu;;;;;;;;;x
d_bornu_adj;Bornu;Bornou;Bornu;;Bornu;;;;;;;;;x
d_kanem;Kanem;Kanem;Kanem;;Kanem;;;;;;;;;x
d_kanem_adj;Kanem;Kanem;Kanem;;Kanem;;;;;;;;;x
d_tibesti;Tibesti;Tibesti;Tibesti;;Tibesti;;;;;;;;;x
d_tibesti_adj;Tibesti;Tibesti;Tibesti;;Tibesti;;;;;;;;;x
d_fezzan;Fezzan;Fezzan;Fezzan;;Fezzan;;;;;;;;;x
d_fezzan_adj;Fezzan;Fezzan;Fezzan;;Fezzan;;;;;;;;;x
d_azawagh;Azawagh;Azawagh;Azawagh;;Azawagh;;;;;;;;;x
d_azawagh_adj;Azawagh;Azawagh;Azawagh;;Azawagh;;;;;;;;;x
c_kano_adj;Kano;Kano;;;;;;;;;;;;x
b_kano;Kano;Kano;;;;;;;;;;;;x
b_kazaure;Kazaure;Kazaure;;;;;;;;;;;;x
b_nassawara;Nassawara;Nassawara;;;;;;;;;;;;x
b_dala;Dala;Dala;;;;;;;;;;;;x
b_gwale;Gwale;Gwale;;;;;;;;;;;;x
b_ungogo;Ungogo;Ungogo;;;;;;;;;;;;x
b_dutse;Dutse;Dutse;;;;;;;;;;;;x
c_daura_adj;Daura;Daura;;;;;;;;;;;;x
b_zinder_adj;Zinder;Zinder;;;;;;;;;;;;x
b_tessaoua_adj;Tessaoua;Tessaoua;;;;;;;;;;;;x
b_goure_adj;Goure;Goure;;;;;;;;;;;;x
b_maradi_adj;Maradi;Maradi;;;;;;;;;;;;x
b_matameye_adj;Matameye;Matameye;;;;;;;;;;;;x
b_kantche_adj;Kantche;Kantche;;;;;;;;;;;;x
b_mayaki_adj;Mayaki;Mayaki;;;;;;;;;;;;x
c_zazzau_adj;Zazzau;Zazzau;;;;;;;;;;;;x
b_zazzau;Zazzau;Zazzau;;;;;;;;;;;;x
b_guari;Guari;Guari;;;;;;;;;;;;x
b_jauri;Jauri;Jauri;;;;;;;;;;;;x
b_busa;Busa;Busa;;;;;;;;;;;;x
b_kontagora;Kontagora;Kontagora;;;;;;;;;;;;x
b_lere;Lere;Lere;;;;;;;;;;;;x
c_katsina_adj;Katsina;Katsina;;;;;;;;;;;;x
b_katsina;Katsina;Katsina;;;;;;;;;;;;x
b_chibiri;Chibiri;Chibiri;;;;;;;;;;;;x
b_kaduna;Kaduna;Kaduna;;;;;;;;;;;;x
b_faskari;Faskari;Faskari;;;;;;;;;;;;x
b_kaita;Kaita;Kaita;;;;;;;;;;;;x
b_jibia;Jibia;Jibia;;;;;;;;;;;;x
c_gobir_adj;Gobir;Gobir;;;;;;;;;;;;x
b_alkalawa;Alkalawa;Alkalawa;;;;;;;;;;;;x
b_argungu;Argungu;Argungu;;;;;;;;;;;;x
b_sokoto;Sokoto;Sokoto;;;;;;;;;;;;x
b_kebi;Kebi;Kebi;;;;;;;;;;;;x
b_gusau;Gusau;Gusau;;;;;;;;;;;;x
b_guandu;Guandu;Guandu;;;;;;;;;;;;x
b_degel;Degel;Degel;;;;;;;;;;;;x
b_tsuntua;Tsuntua;Tsuntua;;;;;;;;;;;;x
c_rano_adj;Rano;Rano;;;;;;;;;;;;x
b_rano;Rano;Rano;;;;;;;;;;;;xd
b_misau;Misau;Misau;;;;;;;;;;;;x
b_bauchi;Bauchi;Bauchi;;;;;;;;;;;;x
b_gombe;Gombe;Gombe;;;;;;;;;;;;x
b_biu;Biu;Biu;;;;;;;;;;;;x
b_mubi;Mubi;Mubi;;;;;;;;;;;;x
c_biram_adj;Biram;Biram;;;;;;;;;;;;x
b_biram;Biram;Biram;;;;;;;;;;;;x
b_gumel;Gumel;Gumel;;;;;;;;;;;;x
b_katagum;Katagum;Katagum;;;;;;;;;;;;x
b_birnin_kudu;Birnin Kudu;Birnin Kudu;;;;;;;;;;;;x
#b_kazaure;Kazaure;Kazaure;;;;;;;;;;;;x
b_kiyawa;Kiyawa;Kiyawa;;;;;;;;;;;;x
b_ningi;Ningi;Ningi;;;;;;;;;;;;x
c_kotoko_adj;Kotoko;Kotoko;;;;;;;;;;;;x
b_kousseri;Kousseri;Kousseri;;;;;;;;;;;;x
b_logone_birni;Logone-Birni;Logone-Birni;;;;;;;;;;;;x
b_makari;Makari;Makari;;;;;;;;;;;;x
b_mokolo;Mokolo;Mokolo;;;;;;;;;;;;x
b_dulo;Dulo;Dulo;;;;;;;;;;;;x
c_baguirmi_adj;Baguirmi;Baguirmi;;;;;;;;;;;;x
b_massenya;Massenya;Massenya;;;;;;;;;;;;x
b_moundou;Moundou;Moundou;;;;;;;;;;;;x
b_bongor;Bongor;Bongor;;;;;;;;;;;;x
b_lai;Lai;Lai;;;;;;;;;;;;x
b_bousso;Bousso;Bousso;;;;;;;;;;;;x
c_chari_adj;Chari;Chari;;;;;;;;;;;;x
b_koumra;Koumra;Koumra;;;;;;;;;;;;x
b_mongo;Mongo;Mongo;;;;;;;;;;;;x
b_sarh;Sarh;Sarh;;;;;;;;;;;;x
#b_melfi;Melfi;Melfi;;;;;;;;;;;;x
b_bokoro;Bokoro;Bokoro;;;;;;;;;;;;x
c_bornu_adj;Bornu;Bornu;;;;;;;;;;;;x
b_ngazargamu;Ngazargamu;Ngazargamu;;;;;;;;;;;;x
b_massakory;Massakory;Massakory;;;;;;;;;;;;x
b_massaguet;Massaguet;Massaguet;;;;;;;;;;;;x
b_goudoumaria;Goudoumaria;Goudoumaria;;;;;;;;;;;;x
b_kukawa;Kukawa;Kukawa;;;;;;;;;;;;x
b_maiduguri;Maiduguri;Maiduguri;;;;;;;;;;;;x
b_dikwa;Dikwa;Dikwa;;;;;;;;;;;;x
c_kanem_adj;Kanem;Kanem;;;;;;;;;;;;x
b_njimi;Njimi;Njimi;;;;;;;;;;;;x
b_nguigmi;Nguigmi;Nguigmi;;;;;;;;;;;;x
b_mao;Mao;Mao;;;;;;;;;;;;x
b_bol;Bol;Bol;;;;;;;;;;;;x
b_moussoro;Moussoro;Moussoro;;;;;;;;;;;;x
b_yao;Yao;Yao;;;;;;;;;;;;x
b_agadem;Agadem;Agadem;;;;;;;;;;;;x
c_bilma_adj;Bilma;Bilma;;;;;;;;;;;;x
b_kaouar;Kaouar;Kaouar;;;;;;;;;;;;x
b_seguedine;Seguedine;Seguedine;;;;;;;;;;;;x
b_dirkou;Dirkou;Dirkou;;;;;;;;;;;;x
b_aney;Aney;Aney;;;;;;;;;;;;x
c_tibesti_adj;Tibesti;Tibesti;;;;;;;;;;;;x
b_bardai;Bardai;Bardai;;;;;;;;;;;;x
b_zouar;Zouar;Zouar;;;;;;;;;;;;x
c_bourkou_adj;Bourkou;Bourkou;;;;;;;;;;;;x
b_faya;Faya;Faya;;;;;;;;;;;;x
b_kirdimi;Kirdimi;Kirdimi;;;;;;;;;;;;x
c_kufra_adj;Kufra;Kufra;;;;;;;;;;;;x
#b_tazirbu;Tazirbu;Tazirbu;;;;;;;;;;;;x
#b_al_jawf;Al Jawf;Al Jawf;;;;;;;;;;;;x
b_buzema;Buzema;Buzema;;;;;;;;;;;;x
c_hoggar_adj;Hoggar;Hoggar;;;;;;;;;;;;x
#b_tamanrasset;Tamanrasset;Tamanrasset;;;;;;;;;;;;x
#b_abalessa;Abalessa;Abalessa;;;;;;;;;;;;x
c_ghat_adj;Ghat;Ghat;;;;;;;;;;;;x
b_ghat;Ghat;Ghat;;;;;;;;;;;;x
b_illizi;Illizi;Illizi;;;;;;;;;;;;x
c_ghadames_adj;Ghadames;Ghadames;;;;;;;;;;;;x
b_ghadames;Ghadames;Ghadames;;;;;;;;;;;;x
b_ubari;Ubari;Ubari;;;;;;;;;;;;x
c_tuat_adj;Tuat;Tuat;;;;;;;;;;;;x
#b_adrar;Adrar;Adrar;;;;;;;;;;;;x
#b_reggane;Reggane;Reggane;;;;;;;;;;;;x
c_in_salah_adj;In Salah;In Salah;;;;;;;;;;;;x
b_in_salah;In Salah;In Salah;;;;;;;;;;;;x
b_tamentit;Tamentit;Tamentit;;;;;;;;;;;;x
c_tademait_adj;Tademait;Tademait;;;;;;;;;;;;x
b_timimoun;Timimoun;Timimoun;;;;;;;;;;;;x
b_tabelbaba;Tabelbaba;Tabelbaba;;;;;;;;;;;;x
#Sardinia;;;;;;;;;;;;;;x
c_logudoro_adj;Logudorese;Logudorais;Logudorese;;Logudorese;;;;;;;;;x
#c_gallura_adj;Gallurese;Gallurais;Gallurese;;Gallurese;;;;;;;;;x
#b_carbonia;Carbonia;Carbonia;Carbonia;;Carbonia;;;;;;;;;x
b_ales;Ales;Ales;Ales;;Ales;;;;;;;;;x
b_usellus;Usellus;Usellus;Usellus;;Usellus;;;;;;;;;x
#b_alghero;Alghero;Alghero;Alghero;;Alghero;;;;;;;;;x
b_sorso;Sorso;Sorso;Sorso;;Sorso;;;;;;;;;x
b_ozieri;Ozieri;Ozieri;Ozieri;;Ozieri;;;;;;;;;x
b_ittiri;Ittiri;Ittiri;Ittiri;;Ittiri;;;;;;;;;x
b_nugor;Nugor;Nugor;Nugor;;Nugor;;;;;;;;;x
b_tempio_pausania;Tempio Pausania;Tempio Pausania;Tempio Pausania;;Tempio Pausania;;;;;;;;;x
b_arzachena;Arzachena;Arzachena;Arzachena;;Arzachena;;;;;;;;;x
b_la_maddalena;La Maddalena;La Maddalena;La Maddalena;;La Maddalena;;;;;;;;;x
#b_dorgali;Dorgali;Dorgali;Dorgali;;Dorgali;;;;;;;;;x
b_oliena;Oliena;Oliena;Oliena;;Oliena;;;;;;;;;x
#Misc;;;;;;;;;;;;;;x
d_mandaean;The Mandaean Rishamma;Le Rishamma Mandéen;Das Mandäische Rishamma;;El Rishamma Mandeo;;;;;;;;;x
d_mandaean_adj;Mandaean Rishamma;du Rishamma Mandéen;Mandäische Rishamma;;Mandeo;;;;;;;;;x
#d_yazidi;The Yazidi Sheikhdom;Le Sheikhdom Yazidi;Das Sheikhdom Yazidi;;El Sheikhdom Yazidi;;;;;;;;;x
#d_yazidi_adj;Yazidi;Yazidi;Yazidi;;Yazidi;;;;;;;;;x
#e_italy;Italia;Italia;Italia;;Italia;;;;;;;;;x
#e_italy_adj;Italian;Italien;Italian;;Italian;;;;;;;;;x
e_bulgaria;Bulgaria;Bulgarie;Bulgaria;;Bulgaria;;;;;;;;;x
e_bulgaria_adj;Bulgarian;Bulgare;Bulgarian;;Bulgarian;;;;;;;;;x
e_poland_lithuania;Polish-Lithuanian Commonwealth;République des Deux Nations;Polish-Lithuanian Commonwealth;;Polish-Lithuanian Commonwealth;;;;;;;;;x
e_poland_lithuania_adj;Polish-Lithuanian;Polonais-lituanien;Polish-Lithuanian;;Polish-Lithuanian;;;;;;;;;x
#e_abyssinia;Abyssinia;Abyssinie;Abyssinia;;Abyssinia;;;;;;;;;x
#e_abyssinia_adj;Abyssinian;Abyssinien;Abyssinian;;Abyssinian;;;;;;;;;x
k_iceland;Iceland;Islande;Iceland;;Iceland;;;;;;;;;x
k_iceland_adj;Icelandic;Islandais;Icelandic;;Icelandic;;;;;;;;;x
#k_khorasan;Khorasan;Khorassan;Khorasan;;Khorasan;;;;;;;;;x
#k_khorasan_adj;Khorasanian;Khorasanien;Khorasanian;;Khorasanian;;;;;;;;;x
#k_yemen;Yemen;Yémen;Yemen;;Yemen;;;;;;;;;x
#k_yemen_adj;Yemeni;Yéménite;Yemeni;;Yemeni;;;;;;;;;x
k_oman;Oman;Oman;Oman;;Oman;;;;;;;;;x
k_oman_adj;Omani;Omanais;Omani;;Omani;;;;;;;;;x
k_the_isles;the Isles;les Îles;Isles;;Las Islas Occidentales;;;;;;;;;x
k_the_isles_adj;Islander;Îloise;Insel-;;Isleña;;;;;;;;;x
#k_sardinia;Sardinia;Sardaigne;Sardinia;;Sardinia;;;;;;;;;x
k_sardinian_adj;Sardinian;Sarde;Sardinian;;Sardinian;;;;;;;;;x
k_antioch;Principality of Antioch;Principauté d'Antioche;;;;;;;;;;;;x
k_antioch_adj;Antiochian;Antiochien;;;;;;;;;;;;x
k_nikaea;Nikaea;Nicée;Nikäa;;Nicea;;;;;;;;;x
k_nikaea_adj;Nikaean;nicéen;Nikäer;;Niceno;;;;;;;;;x
k_epirus;Epirus;Épire;Epirus;;Epirus;;;;;;;;;x
k_epirus_adj;Epirotian;épirote;Epirotischer;;Ípeiros;;;;;;;;;x
k_morea;Morea;Morée;Morea;;Morea;;;;;;;;;x
k_morea_adj;Morean;Moréen;Morean;;Morean;;;;;;;;;x
d_udmurtia;Udmurts;Oudmourtes;;;;;;;;;;;;x
d_udmurtia_adj;Udmurt;Oudmourte;;;;;;;;;;;;x
d_baluchistan;Baluchistan;Baluchistan;Baluchistan;;Baluchistan;;;;;;;;;x
d_baluchistan_adj;Baluch;Baloutche;Baluch;;Baluch;;;;;;;;;x
d_makuria;Makuria;Makurie;Makuria;;Makuria;;;;;;;;;x
d_makuria_adj;Makurian;Makure;Makurian;;Makurian;;;;;;;;;x
d_dhofar;Dhofar;Dhofar;Dhofar;;Dhofar;;;;;;;;;x
d_dhofar_adj;Dhofar;Dhofar;Dhofar;;Dhofar;;;;;;;;;x
d_aden;Aden;Aden;Aden;;Aden;;;;;;;;;x
d_aden_adj;Adenite;Adénite;Adenite;;Adenite;;;;;;;;;x
c_podlasie;Podlasia;Podlasie;Podlachien;;Podlasie; ;;;;;;;;x
d_podlasie;Podlasia;Podlasie;Podlachien;;Podlasie; ;;;;;;;;x
d_podlasie_adj;Podlasian;Podlasienne;Podlasischer; ;Podlasianés;;;;;;;;;x
k_cornwall;Cornwall;Cornouailles;;;;;;;;;;;;x
k_cornwall_adj;Cornish;Cornouaillais;;;;;;;;;;;;x
#k_israel;Israel;Israël;;;;;;;;;;;;x
#k_israel_adj;Israelite;Israélite;;;;;;;;;;;;x
e_serbia;Serbia;Serbie;;;;;;;;;;;;x
e_serbia_adj;Serbian;Serbe;;;;;;;;;;;;x
d_east_african_pagan_reformed;East African Church;Église d'Afrique de l'Est;;;;;;;;;;;;x
d_east_african_pagan_reformed_adj;East African;Afrique de l'Est;;;;;;;;;;;;x
PICTLAND;Pictland;Pictes;;;;;;;;;;;;x
PICTLAND_ADJ;Picttish;Pictes;;;;;;;;;;;;x
#e_khitan;Liao Empire;Empire Liao;;;;;;;;;;;;x
#e_khitan_adj;Khitan;Khitan;;;;;;;;;;;;x
#e_china;China;Chine;;;;;;;;;;;;x
e_china_adj;Chinese;Chinois;;;;;;;;;;;;x
#e_turkestan;Turkestan;Turkestan;;;;;;;;;;;;x
#e_turkestan_adj;Turkic;Turc;;;;;;;;;;;;x
k_kiev;Kiev;Kiev;;;;;;;;;;;;x
k_kiev_adj;Kievan;Kiévien;;;;;;;;;;;;x
k_novgorod;Novgorod;Novgorod;;;;;;;;;;;;x
k_novgorod_adj;Novgorodian;Novgorodien;;;;;;;;;;;;x
k_vladimir;Vladimir;Vladimir;;;;;;;;;;;;x
k_vladimir_adj;Vladimir;Vladimir;;;;;;;;;;;;x
k_galich;Galicia;Galice;;;;;;;;;;;;x
k_galich_adj;Galicia;Galice;;;;;;;;;;;;x
k_scythia;Kipchaks;Kipchaques;;;;;;;;;;;;x
k_scythia_adj;Kipchaks;Kipchaques;;;;;;;;;;;;x
d_nobatia;Nobatia;Nobatie;;;;;;;;;;;;x
#d_nobatia_adj;Nobatian;Nobatien;;;;;;;;;;;;x
e_russia;Rus;Rus;;;;;;;;;;;;x
#e_russia_adj;Russian;Russe;;;;;;;;;;;;x
d_birjand;Ghor;Ghor;Ghor;;Ghor;;;;;;;;;x
d_birjand_adj;Ghoristani;Ghoristanais;Ghoristani;;Ghoristani;;;;;;;;;x
d_oran;Oran;Oran;;;;;;;;;;;;x
d_oran_adj;Oranian;Oranien;;;;;;;;;;;;x
k_qarakhnid;Transoxiana;Transoxianie;;;;;;;;;;;;x
k_qarakhnid_adj;Transoxianan;Transoxiane;;;;;;;;;;;;x
d_manichean_archegos;The Manichean Church;L'Église manichéenne;;;;;;;;;;;;x
d_manichean_archegos_adj;Manichean Church;Église manichéenne;;;;;;;;;;;;x
d_buddhist_holy_order;Western Shaolin Monks;Moines Shaolin de l'Ouest;;;;;;;;;;;;x
d_buddhist_holy_order_adj;Western Shaolin;Shaolin de l'Ouest;;;;;;;;;;;;x
d_hindu_holy_order;Warriors of Shiva;Guerriers de Shiva;;;;;;;;;;;;x
d_hindu_holy_order_adj;Shivite Warrior;Guerrier Shivite;;;;;;;;;;;;x
d_east_african_pagan_holy_order;Champions of Nhialic;Champions de Nhialic;;;;;;;;;;;;x
d_east_african_pagan_holy_order_adj;Nhialic Champion;Champion Nhialic;;;;;;;;;;;;x
d_manichean_holy_order;Defenders of the Light;Défenseurs de la Lumière;;;;;;;;;;;;x
d_manichean_holy_order_adj;Defenders of the Light;Défenseurs de la Lumière;;;;;;;;;;;;x
d_yazidi_holy_order;Faqir Tribesmen;Les membres de la tribu Faqir;;;;;;;;;;;;x
d_yazidi_holy_order_adj;Faqir;Faqir;;;;;;;;;;;;x
k_numidia;Numidia;Numidie;;;;;;;;;;;;x
k_numidia_adj;Numidian;Numidien;;;;;;;;;;;;x
e_africa;Sahara;Sahara;;;;;;;;;;;;x
e_africa_adj;Saharan;Saharien;;;;;;;;;;;;x
d_ibadi;Ibadi Imamate;Imamate Ibadi;;;;;;;;;;;;x
d_ibadi_adj;Imamate;Imamat;;;;;;;;;;;;x
d_ibadi_holy_order;Mozabite Warriors;Guerriers Mozabites;;;;;;;;;;;;x
d_ibadi_holy_order_adj;Mozabite;Mozabites;;;;;;;;;;;;x
d_swahili_fleet;Swahili Fleet;Flotte Swahili;;;;;;;;;;;;x
d_swahili_fleet_adj;Swahili;Swahili;;;;;;;;;;;;x
VIET_NORMANDY;Neustria;Neustrie;;;;;;;;;;;;x
VIET_NORMANDY_ADJ;Neustrian;Neustrien;;;;;;;;;;;;x
VIET_HUNGARY;Pannonia;Pannonie;;;;;;;;;;;;x
VIET_HUNGARY_ADJ;Pannonian;Pannonien;;;;;;;;;;;;x
k_baluchistan;Makran;Makran;;;;;;;;;;;;x
k_baluchistan_adj;Makran;Makran;;;;;;;;;;;;x
d_daylamite_warriors;Daylamite Warriors;Guerriers Daylamites;;;;;;;;;;;;x
d_daylamite_warriors_adj;Daylamite;Daylamite;;;;;;;;;;;;x
k_britain;Britain;Bretagne;;;;;;;;;;;;x
k_britain_adj;British;Britannique;;;;;;;;;;;;x
k_dumnonia;Dumnonia;Dumnonie;;;;;;;;;;;;x
k_dumnonia_adj;Dumnonian;Dumnonien;;;;;;;;;;;;x
#k_lombardy;Lombardy;Lombardie;;;;;;;;;;;;x
#k_lombardy_adj;Lombard;Lombard;;;;;;;;;;;;x
k_hormuz;Hormuz;Hormuz;;;;;;;;;;;;x
k_hormuz_adj;Hormuz;Hormuz;;;;;;;;;;;;x
#d_fergana;Fergana;;;;;;;;;;;;;x
#d_fergana_adj;Fergana;;;;;;;;;;;;;x
d_badakhshan;Badakhshan;Badakhshan;;;;;;;;;;;;x
d_badakhshan_adj;Badakhshan;Badakhshan;;;;;;;;;;;;x
d_dardistan;Dardistan;Dardistan;;;;;;;;;;;;x
d_dardistan_adj;Dardic;Dardique;;;;;;;;;;;;x
e_caucasia;Caucasia;Caucasie;;;;;;;;;;;;x
e_caucasia_adj;Caucasian;Caucasien;;;;;;;;;;;;x
k_azerbaijian;Azerbaijian;Azerbaïdjan;;;;;;;;;;;;x
k_azerbaijian_adj;Azerbaijiani;Azerbaïdjanais;;;;;;;;;;;;x
#k_gandhara;Gandhara;Gandhara;;;;;;;;;;;;x
#k_gandhara_adj;Gandharan;Gandharan;;;;;;;;;;;;x
k_dardistan;Dardistan;Dardistan;;;;;;;;;;;;x
k_dardistan_adj;Dardic;Dardique;;;;;;;;;;;;x
k_algeria;Numidia;Numidie;;;;;;;;;;;;x
k_algeria_adj;Numidian;Numidien;;;;;;;;;;;;x
k_baluchistan;Makran;Makran;;;;;;;;;;;;x
k_sogdiana;Sogdiana;Sogdiane;;;;;;;;;;;;x
k_sogdiana_adj;Sogdian;Sogdien;;;;;;;;;;;;x
d_taghaza;Taghaza;Taghaza;;;;;;;;;;;;x
d_taghaza_adj;Taghaza;Taghaza;;;;;;;;;;;;x
