#Shaman Stuff ;;;;;;;;;;;;;;x
shaman_good_marriage;Ancestors' Foresight on Marriage (Good);Prévision des ancêtres sur le mariage (Bonne);;;;;;;;;;;;x
shaman_good_marriage_desc;This lord's Shaman recently traveled to the Spirit World and give appropriate advice concerning the encouraging things that they foresaw in regards to this lord's marriage.;Le chaman de ce seigneur a récemment voyagé dans le monde des Esprits et donne des conseils appropriés concernant des choses encourageantes qu'ils ont prévues en ce qui concerne le mariage de ce seigneur.;;;;;;;;;;;;x
shaman_bad_marriage;Ancestors' Foresight on Marriage (Bad);Prévision des ancêtres sur le mariage (Mauvaise);;;;;;;;;;;;x
shaman_bad_marriage_desc;This lord's Shaman recently traveled to the Spirit World and give appropriate advice concerning the discouraging things that they foresaw in regards to this lord's marriage.;Le chaman de ce seigneur a récemment voyagé dans le monde des Esprits et donne des conseils appropriés concernant des choses décourageantes qu'ils ont prévues en ce qui concerne le mariage de ce seigneur.;;;;;;;;;;;;x
shaman_good_no_spouse;Ancestors' Foresight on Being Married in the Future (Good);Prévision des ancêtres sur le mariage dans l'avenir (Bonne);;;;;;;;;;;;x
shaman_good_no_spouse_desc;This lord's Shaman recently traveled to the Spirit World and give appropriate advice concerning the encouraging things that they foresaw in regards to this lord's future marriage prospects.;Le chaman de ce seigneur a récemment voyagé dans le monde des Esprits et donne des conseils appropriés concernant des choses encourageantes qu'ils prévoyaient en ce qui concerne les perspectives futures de mariage de ce seigneur.;;;;;;;;;;;;x
shaman_bad_no_spouse;Ancestors' Foresight on Being Married in the Future (Bad);Prévision des ancêtres sur le mariage dans l'avenir (Mauvaise);;;;;;;;;;;;x
shaman_bad_no_spouse_desc;This lord's Shaman recently traveled to the Spirit World and give appropriate advice concerning the discouraging things that they foresaw in regards to this lord's future marriage prospects.;Le chaman de ce seigneur a récemment voyagé dans le monde des Esprits et donne des conseils appropriés concernant des choses décourageantes qu'ils prévoyaient en ce qui concerne les perspectives futures de mariage de ce seigneur.;;;;;;;;;;;;x
shaman_good_children;Ancestors' Foresight on Children (Good);Prévision des ancêtres sur les enfants (Bonne);;;;;;;;;;;;x
shaman_good_children_desc;This lord's Shaman recently traveled to the Spirit World and give appropriate advice concerning the encouraging things that they foresaw in regards to this lord's children.;Le chaman de ce seigneur a récemment voyagé dans le monde des Esprits et donne des conseils appropriés concernant des choses encourageantes qu'ils prévoyaient en ce qui concerne les enfants de ce seigneur.;;;;;;;;;;;;x
shaman_bad_children;Ancestors' Foresight on Children (Bad);Prévision des ancêtres sur les enfants (Mauvaise);;;;;;;;;;;;x
shaman_bad_children_desc;This lord's Shaman recently traveled to the Spirit World and give appropriate advice concerning the discouraging things that they foresaw in regards to this lord's children.;Le chaman de ce seigneur a récemment voyagé dans le monde des Esprits et donne des conseils appropriés concernant des choses décourageantes qu'ils prévoyaient en ce qui concerne les enfants de ce seigneur.;;;;;;;;;;;;x
shaman_good_no_children;Ancestors' Foresight on Having Children (Good);Prévision des ancêtres sur le fait d'avoir des enfants (Bonne);;;;;;;;;;;;x
shaman_good_no_children_desc;This lord's Shaman recently traveled to the Spirit World and give appropriate advice concerning the encouraging things that they foresaw in regards to this lord's future offspring.;Le chaman de ce seigneur a récemment voyagé dans le monde des Esprits et donne des conseils appropriés concernant des choses encourageantes qu'ils ont prévues en ce qui concerne la progéniture future de ce seigneur.;;;;;;;;;;;;x
shaman_bad_no_children;Ancestors' Foresight on Having Children (Bad);Prévision des ancêtres sur le fait d'avoir des enfants (Mauvaise);;;;;;;;;;;;x
shaman_bad_no_children_desc;This lord's Shaman recently traveled to the Spirit World and give appropriate advice concerning the discouraging things that they foresaw in regards to this lord's future offspring.;Le chaman de ce seigneur a récemment voyagé dans le monde des Esprits et donne des conseils appropriés concernant des choses décourageantes qu'ils ont prévues en ce qui concerne la progéniture future de ce seigneur.;;;;;;;;;;;;x
shaman_good_distant_relative;Ancestors' Foresight on Dynasty (Good);Prévision des ancêtres sur la dynastie (Bonne);;;;;;;;;;;;x
shaman_good_distant_relative_desc;This lord's Shaman recently traveled to the Spirit World and give appropriate advice concerning the encouraging things that they foresaw in regards to this lord's dynasty.;Le chaman de ce seigneur a récemment voyagé dans le monde des Esprits et donne des conseils appropriés concernant des choses encourageantes qu'ils prévoyaient en ce qui concerne la dynastie de ce seigneur.;;;;;;;;;;;;x
shaman_bad_distant_relative;Ancestors' Foresight on Dynasty (Bad);Prévision des ancêtres sur la dynastie (Mauvaise);;;;;;;;;;;;x
shaman_bad_distant_relative_desc;This lord's Shaman recently traveled to the Spirit World and give appropriate advice concerning the discouraging things that they foresaw in regards to this lord's dynasty.;Le chaman de ce seigneur a récemment voyagé dans le monde des Esprits et donne des conseils appropriés concernant des choses décourageantes qu'ils prévoyaient en ce qui concerne la dynastie de ce seigneur.;;;;;;;;;;;;x
shaman_good_diplomacy;Ancestors' Foresight on Diplomatic Relations (Good);Prévision des ancêtres sur les relations diplomatiques (Bonne);;;;;;;;;;;;x
shaman_good_diplomacy_desc;This lord's Shaman recently traveled to the Spirit World and give appropriate advice concerning the encouraging things that they foresaw in regards to this lord's diplomatic relations with vassals and servants.;Le chaman de ce seigneur s'est récemment rendu dans le monde des Esprits et a donné des conseils appropriés concernant des choses encourageantes qu'ils prévoyaient en ce qui concerne les relations diplomatiques de ce seigneur avec les vassaux et les serviteurs.;;;;;;;;;;;;x
shaman_bad_diplomacy;Ancestors' Foresight on Diplomatic Relations (Bad);Prévision des ancêtres sur les relations diplomatiques (Mauvaise);;;;;;;;;;;;x
shaman_bad_diplomacy_desc;This lord's Shaman recently traveled to the Spirit World and give appropriate advice concerning the discouraging things that they foresaw in regards to this lord's diplomatic relations with vassals and servants.;Le chaman de ce seigneur s'est récemment rendu dans le monde des Esprits et a donné des conseils appropriés concernant des choses décourageantes qu'ils prévoyaient en ce qui concerne les relations diplomatiques de ce seigneur avec les vassaux et les serviteurs.;;;;;;;;;;;;x
shaman_good_martial;Ancestors' Foresight on Martial Affairs (Good);Prévision des ancêtres sur les affaires martiales (Bonne);;;;;;;;;;;;x
shaman_good_martial_desc;This lord's Shaman recently traveled to the Spirit World and give appropriate advice concerning the encouraging things that they foresaw in regards to this lord's military affairs.;Le chaman de ce seigneur a récemment voyagé dans le monde des Esprits et donne des conseils appropriés concernant des choses encourageantes qu'ils prévoyaient en ce qui concerne les affaires militaires de ce seigneur.;;;;;;;;;;;;x
shaman_bad_martial;Ancestors' Foresight on Martial Affairs (Bad);Prévision des ancêtres sur les affaires martiales (Mauvaise);;;;;;;;;;;;x
shaman_bad_martial_desc;This lord's Shaman recently traveled to the Spirit World and give appropriate advice concerning the discouraging things that they foresaw in regards to this lord's military affairs.;Le chaman de ce seigneur a récemment voyagé dans le monde des Esprits et donne des conseils appropriés concernant des choses décourageantes qu'ils prévoyaient en ce qui concerne les affaires militaires de ce seigneur.;;;;;;;;;;;;x
shaman_good_stewardship;Ancestors' Foresight on Administration (Good);Prévision des ancêtres sur l'administration (Bonne);;;;;;;;;;;;x
shaman_good_stewardship_desc;This lord's Shaman recently traveled to the Spirit World and give appropriate advice concerning the encouraging things that they foresaw in regards to this lord's administration.;Le chaman de ce seigneur s'est récemment rendu dans le monde des Esprits et a donné des conseils appropriés concernant des choses encourageantes qu'ils prévoyaient en ce qui concerne l'administration de ce seigneur.;;;;;;;;;;;;x
shaman_bad_stewardship;Ancestors' Foresight on Administration (Bad);Prévision des ancêtres sur l'administration (Mauvaise);;;;;;;;;;;;x
shaman_bad_stewardship_desc;This lord's Shaman recently traveled to the Spirit World and give appropriate advice concerning the discouraging things that they foresaw in regards to this lord's administration.;Le chaman de ce seigneur s'est récemment rendu dans le monde des Esprits et a donné des conseils appropriés concernant des choses décourageantes qu'ils prévoyaient en ce qui concerne l'administration de ce seigneur.;;;;;;;;;;;;x
shaman_good_intrigue;Ancestors' Foresight on Court Intrigue (Good);Prévision des ancêtres sur Intrigue de la Cour (Bonne);;;;;;;;;;;;x
shaman_good_intrigue_desc;This lord's Shaman recently traveled to the Spirit World and give appropriate advice concerning the encouraging things that they foresaw in regards to this lord's ability to deal with plotting and scheming at court.;Le chaman de ce seigneur s'est récemment rendu dans le monde des Esprits et a donné des conseils appropriés concernant des choses encourageantes qu'ils prévoyaient en ce qui concerne la capacité de ce seigneur à faire face au complot et aux intrigues à la cour.;;;;;;;;;;;;x
shaman_bad_intrigue;Ancestors' Foresight on Court Intrigue (Bad);Prévision des ancêtres sur Intrigue de la Cour (Mauvaise);;;;;;;;;;;;x
shaman_bad_intrigue_desc;This lord's Shaman recently traveled to the Spirit World and give appropriate advice concerning the discouraging things that they foresaw in regards to this lord's ability to deal with plotting and scheming at court.;Le chaman de ce seigneur s'est récemment rendu dans le monde des Esprits et a donné des conseils appropriés concernant des choses décourageantes qu'ils prévoyaient en ce qui concerne la capacité de ce seigneur à faire face au complot et aux intrigues à la cour.;;;;;;;;;;;;x
shaman_good_learning;Ancestors' Foresight on Spirituality Across the Realm (Good);Prévision des ancêtres sur la spiritualité à travers le royaume (Bonne);;;;;;;;;;;;x
shaman_good_learning_desc;This lord's Shaman recently traveled to the Spirit World and give appropriate advice concerning the encouraging things that they foresaw in regards to this lord's ability to satisfy the people's spiritual needs.;Le chaman de ce seigneur s'est récemment rendu dans le monde des Esprits et a donné des conseils appropriés concernant des choses encourageantes qu'ils prévoyaient en ce qui concerne la capacité de ce seigneur à satisfaire les besoins spirituels du peuple.;;;;;;;;;;;;x
shaman_bad_learning;Ancestors' Foresight on Spirituality Across the Realm (Bad);Prévision des ancêtres sur la spiritualité à travers le royaume (Mauvaise);;;;;;;;;;;;x
shaman_bad_learning_desc;This lord's Shaman recently traveled to the Spirit World and give appropriate advice concerning the discouraging things that they foresaw in regards to this lord's ability to satisfy the people's spiritual needs.;Le chaman de ce seigneur s'est récemment rendu dans le monde des Esprits et a donné des conseils appropriés concernant des choses décourageantes qu'ils prévoyaient en ce qui concerne la capacité de ce seigneur à satisfaire les besoins spirituels du peuple.;;;;;;;;;;;;x
shaman_good_personality;Ancestors' Foresight on Self (Good);Prévision des ancêtres sur soi (Bonne);;;;;;;;;;;;x
shaman_good_personality_desc;This lord's Shaman recently traveled to the Spirit World and give appropriate advice concerning the encouraging things that they foresaw in regards to this lord's potential as a fulfilled person.;Le chaman de ce seigneur a récemment voyagé dans le monde des Esprits et donne des conseils appropriés concernant des choses encourageantes qu'ils ont prévues en ce qui concerne le potentiel de ce seigneur en tant que personne accomplie.;;;;;;;;;;;;x
shaman_bad_personality;Ancestors' Foresight on Self (Bad);Prévision des ancêtres sur soi (Mauvaise);;;;;;;;;;;;x
shaman_bad_personality_desc;This lord's Shaman recently traveled to the Spirit World and give appropriate advice concerning the discouraging things that they foresaw in regards to this lord's potential as a fulfilled person.;Le chaman de ce seigneur a récemment voyagé dans le monde des Esprits et donne des conseils appropriés concernant des choses décourageantes qu'ils ont prévues en ce qui concerne le potentiel de ce seigneur en tant que personne accomplie.;;;;;;;;;;;;x
shaman_good_health;Ancestors' Foresight on Health (Good);Prévision des ancêtres sur la santé (Bonne);;;;;;;;;;;;x
shaman_good_health_desc;This lord's Shaman recently traveled to the Spirit World and give appropriate advice concerning the encouraging things that they foresaw in regards to this lord's health.;Le chaman de ce seigneur a récemment voyagé dans le monde des Esprits et donne des conseils appropriés concernant des choses encourageantes qu'ils ont prévues en ce qui concerne la santé de ce seigneur.;;;;;;;;;;;;x
shaman_bad_health;Ancestors' Foresight on Health (Bad);Prévision des ancêtres sur la santé (Mauvaise);;;;;;;;;;;;x
shaman_bad_health_desc;This lord's Shaman recently traveled to the Spirit World and give appropriate advice concerning the discouraging things that they foresaw in regards to this lord's health.;Le chaman de ce seigneur a récemment voyagé dans le monde des Esprits et donne des conseils appropriés concernant des choses décourageantes qu'ils ont prévues en ce qui concerne la santé de ce seigneur.;;;;;;;;;;;;x
shaman_young_age;Ancestors' Foresight on Young Age;Prévision des ancêtres sur la jeunesse;;;;;;;;;;;;x
shaman_young_age_desc;This lord's Shaman recently traveled to the Spirit World and give appropriate advice concerning the things that they foresaw in regards to this lord's young age.;Le chaman de ce seigneur s'est récemment rendu dans le monde des Esprits et a donné des conseils appropriés concernant des choses qu'ils prévoyaient en ce qui concerne le jeune âge de ce seigneur.;;;;;;;;;;;;x
shaman_medium_age;Ancestors' Foresight on Middle Age;Prévision des ancêtres sur l'âge mûr;;;;;;;;;;;;x
shaman_medium_age_desc;This lord's Shaman recently traveled to the Spirit World and give appropriate advice concerning the things that they foresaw in regards to this lord's middle age.;Le chaman de ce seigneur a récemment voyagé dans le monde des Esprits et donne des conseils appropriés concernant des choses qu'ils prévoyaient en ce qui concerne l'âge mûr de ce seigneur.;;;;;;;;;;;;x
shaman_old_age;Ancestors' Foresight on Old Age;Prévision des ancêtres sur la vieillesse;;;;;;;;;;;;x
shaman_old_age_desc;This lord's Shaman recently traveled to the Spirit World and give appropriate advice concerning the things that they foresaw in regards to this lord's old age.;Le chaman de ce seigneur a récemment voyagé dans le monde des Esprits et donne des conseils appropriés concernant des choses qu'ils prévoyaient en ce qui concerne la vieillesse de ce seigneur.;;;;;;;;;;;;x
shaman.1.desc;Many worries, many fears, many thoughts cloud my mind. I feel the need for advice, for counsel, for guidance, to quiet these many things that trouble me. Yes, yes - I shall go to my Shaman, and see if my ancestors, the spirits, can be contacted for advice and foresight.;Beaucoup de soucis, beaucoup de peurs, beaucoup de pensées obscurcissent mon esprit. Je ressens le besoin d'avis, de conseils, d'orientation, de faire taire toutes ces choses qui me préoccupent. Oui, oui - Je vais aller voir mon chaman et voir si mes ancêtres, les esprits, peuvent être contactés pour obtenir des conseils et de la prévoyance.;;;;;;;;;;;;x
shaman.1.a;I must remember to bring the proper offerings to my Shaman.;Je dois me rappeler d'apporter les offrandes appropriées à mon chaman.;;;;;;;;;;;;x
shaman.2.tooltip;[Root.GetTitledFirstName] pays the Court Shaman a visit.;[Root.GetTitledFirstName] rend visite au Chaman de la Cour.;;;;;;;;;;;;x
shaman.2.name;Visiting the Shaman;Rend visite au chaman;;;;;;;;;;;;x
shaman.2.desc;“To heal your body and soul you must be earnest and pure,” your Shaman says, pacing around you with perfectly-timed, theatrical steps. “You come to me because you are troubled. There is nothing unusual in that. The responsibilities of any leader are many. The responsibilities of any [Root.GetManWoman] are many. There is great wisdom in humbling yourself and seeking guidance from the spirits.”\nThe Shaman pauses for a bit for dramatic effect, before subsequently saying, “I will try to communicate with your ancestors on your behalf. This is a difficult task, an arduous one, but I will try my best. Tell me first, then, of the things that trouble you.”;"Pour guérir votre corps et votre âme, vous devez être sérieux et pur", dit votre chaman, en vous faisant marcher autour de vous avec des pas théâtraux parfaitement synchronisés. "Vous venez vers moi parce que vous êtes troublé. Il n' y a rien d'inhabituel là-dedans. Les responsabilités de tout dirigeant sont nombreuses. Les responsabilités de toute [Root.GetManWoman] sont nombreuses. Il y a une grande sagesse à s'humilier et à demander conseil aux esprits."\nLe chaman s'interrompt un peu pour un effet dramatique, avant de dire par la suite : "Je vais essayer de communiquer avec vos ancêtres en votre nom. C'est une tâche difficile, ardue, mais je ferai de mon mieux. Dites-moi d'abord ce qui vous tracasse.";;;;;;;;;;;;x
shaman.2.a;“I am always worried about my family situation...”;"Je m'inquiète toujours de ma situation familiale...";;;;;;;;;;;;x
shaman.2.b;“My realm’s affairs are constantly on my mind...”;"Les affaires de mon royaume sont constamment dans ma tête...";;;;;;;;;;;;x
shaman.2.c;“The life I have feels incomplete for some reason...”;"La vie que j'ai me semble incomplète pour une raison quelconque...";;;;;;;;;;;;x
shaman.3a.tooltip;[Root.GetTitledFirstName] tells the Shaman about [Root.GetHerHim] problems with [Root.GetHerHim] family.;[Root.GetTitledFirstName] parle au chaman ses problèmes avec sa famille.;;;;;;;;;;;;x
shaman.3b.tooltip;[Root.GetTitledFirstName] tells the Shaman about [Root.GetHerHim] problems with the realm.;[Root.GetTitledFirstName] parle au chaman ses problèmes avec le royaume.;;;;;;;;;;;;x
shaman.3c.tooltip;[Root.GetTitledFirstName] tells the Shaman about [Root.GetHerHim] problems with [Root.GetHerHim]self.;[Root.GetTitledFirstName] parle au chaman ses propres problèmes.;;;;;;;;;;;;x
shaman.3.name;To the Spirit World;Dans le monde des Esprits;;;;;;;;;;;;x
shaman.3.desc;Your Shaman meticulously listens to your concerns, asking questions and noting any details as necessary, in preparation for the journey to the Spirit world. It takes your Shaman several days to prepare.\nAs the morning of that day dawns, you sit, quiet and respectful, behind the Shaman who carries a drum. With a dramatic flourish of the hand, the Shaman beats the drum - BOM. The gesture is repeated again, and again, with ever-increasing fury as the Shaman recites arcane spells and chants and goes into a trance - bom, bom, bom, BOM, BOM, BOM, BOM.\nAnd sooner than you realize it, the Shaman is lost in the Spirit world, seeking your ancestors. You hope that the Shaman will return safe and sound, with relevant guidance from the spirits.;Votre chaman écoute méticuleusement vos préoccupations, posant des questions et notant tous les détails si nécessaire, en préparation pour le voyage vers le monde des Esprits. Il faut plusieurs jours à votre chaman pour se préparer.\nAu petit matin de ce jour-là, vous êtes assis, calme et respectueux, derrière le chaman qui porte un tambour. Avec une explosion dramatique de la main, le chaman bat le tambour - BOM. Le geste se répète encore et encore, avec une fureur toujours croissante alors que le chaman récite des sorts et des chants arcanes et entre dans une transe - bom, bom, bom, bom, BOM, BOM, BOM, BOM. Et avant de vous en rendre compte, le chaman est perdu dans le monde des Esprits, cherchant vos ancêtres. Vous espérez que le chaman reviendra sain et sauf, guidé par les esprits.;;;;;;;;;;;;x
shaman.3.a;Bom, bom... the sounds of the drum fill my head.;Bom, bom... les sons du tambour résonnent dans ma tête.;;;;;;;;;;;;x
shaman.4.tooltip;[Root.GetTitledFirstName] takes a seat nearby, carefully watching the Shaman.;[Root.GetTitledFirstName] s'assoit à proximité, surveillant attentivement le chaman.;;;;;;;;;;;;x
shaman.4.name;The Shaman's Journey;Le voyage du chaman;;;;;;;;;;;;x
shaman.4.desc;It is many hours later, and your Shaman is still beating the drum, dancing, wailing, screaming, crying, speaking gibberish, as the journey through the Spirit World proceeds. The Spirit World is a dangerous place, that much you know. The dramatic movements, the theatrical sounds, the over-the-top atmosphere, it is not without reason - how else can anyone communicate with the spirits? Much less, as someone from the land of the living, weather against the strain of going into the land of the dead?\n Amazing, is it not, that despite being “here,” the Shaman is truly now far, far away, across the mountains, forests, and plains, in the unforgiving world of the spirits? Despite your impatience, you remind yourself that your Shaman will return eventually, to tell you what the spirits wish to tell you.;Beaucoup d'heures plus tard, et votre chaman bat toujours le tambour, dansant, gémissant, hurlant, criant, pleurant, parlant en charabia, au fur et à mesure que le voyage à travers le monde des Esprits se poursuit. Le monde des esprits est un endroit dangereux, vous le savez. Les mouvements dramatiques, les sons théâtraux, l'atmosphère débordante, ce n'est pas sans raison - comment communiquer autrement avec les esprits ? Par ailleurs, comment une personne venant du monde des vivants fait-elle pour lutter contre le stress dans la terre des morts ?\nIncroyable, malgré le fait qu'il soit "ici", le chaman est vraiment maintenant loin, très loin, à travers les montagnes, les forêts et les plaines, dans le monde impitoyable des esprits ? Malgré votre impatience, vous vous rappelez que votre chaman finira par revenir, pour vous dire ce que les esprits souhaitent vous dire.;;;;;;;;;;;;x
shaman.4.a;Waiting is all I can do, for now.;Attendre est tout ce que je peux faire, pour l'instant.;;;;;;;;;;;;x
shaman.5.tooltip;The wait continues.;L'attente se poursuit.;;;;;;;;;;;;x
shaman.5.name;The Shaman Returns;Le chaman revient;;;;;;;;;;;;x
shaman.5.desc;The trance rhythm - drumming, singing, yelling, wailing, dancing - begins to slow down. The Shaman almost collapses out of exhausting, but manages to stand up. You wait a few minutes to allow your Shaman some time to rest, before you engage in conversation.\n“I have returned, and the spirits have spoken,” your Shaman says, tired, yet relaxed. Your Shaman rests a moment before continuing, “The journey was arduous, but worthwhile. The spirits told me many things... where to begin?”;Le rythme - des tambours, des chants, des hurlements, des gémissements, des danses - commence à ralentir. Le chaman s'effondre presque épuisement, mais réussit à se relever. Vous attendez quelques minutes pour laisser votre chaman se reposer un peu avant d'entamer la conversation.\n"Je suis revenu, et les esprits ont parlé", dit votre chaman, fatigué et pourtant détendu. Votre chaman se repose un moment avant de continuer : "Le voyage a été ardu, mais il en valait la peine. Les esprits m'ont dit beaucoup de choses... par où commencer ?";;;;;;;;;;;;x
shaman.5.a;Go on. Take your time...;Allez-y. Prenez votre temps...;;;;;;;;;;;;x
shaman.6.desc;“Your marital life is blessed for now, the spirits told me,” your Shaman says. “Harmony rules your house. But the spirits also warned that you must be cautious - a peaceful house can quickly turn violent and destructive if not carefully watched. To ensure continued prosperity you must...”;"Votre vie conjugale est bénie pour l'instant, m'ont dit les esprits", dit votre chaman. "L'harmonie règne sur votre maison. Mais les esprits ont aussi averti que vous devez être prudents - une maison paisible peut rapidement devenir violente et destructrice si elle n'est pas surveillée de près. Pour assurer une prospérité continue, vous devez...";;;;;;;;;;;;x
shaman.6.a;Hmm...;Hmm...;;;;;;;;;;;;x
shaman.7.desc;“The spirits were dark when they told me,” your Shaman continues, “that much caution should be exercised with your current marital life. There may be strife if you are not careful, and one of your wisest ancestors told me that this strife may have already begun. Be very cautious.”;"Les esprits étaient sombres quand ils m'ont parlé", poursuit votre chaman, "qu'il fallait faire preuve de beaucoup de prudence dans votre vie conjugale actuelle.Il peut y avoir des querelles si vous ne faites pas attention, et un de vos plus sages ancêtres m'a dit que ces querelles ont peut-être déjà commencé. Soyez très prudent.";;;;;;;;;;;;x
shaman.7.a;Oh my... so what can I do to reduce strife?;Et qu-... Que puis-je faire pour réduire les conflits ?;;;;;;;;;;;;x
shaman.8.desc;“You currently hold a lonely existence without a spouse, the spirits know this much,” the Shaman says. “They have said that the loneliness will end soon if you stay true to your duties as a [Root.GetManWoman] and a [Root.GetTitle]. Take heed of their advice, and you will live well with a spouse.”;"Vous menez actuellement une existence solitaire sans conjoint, les esprits le savent aussi," dit le chaman. "Ils ont dit que la solitude cessera bientôt si vous restez fidèle à vos devoirs en tant que [Root.GetManWoman] et [Root.GetTitle]. Suivez leurs conseils et vous vivrez bien avec votre conjoint.";;;;;;;;;;;;x
shaman.8.a;My duties, huh? Tell me their advice, then.;Mes devoirs, hein? Dites-moi leur conseil, alors.;;;;;;;;;;;;x
shaman.9.desc;“Your ancestors recognize that you are currently unmarried,” your Shaman tells you. “They are uncertain whether this loneliness will end, even if you do get married. You do want to avoid trouble with such relationships in the future, of course, so the ancestors have suggested some advice.”;"Vous menez actuellement une existence solitaire sans conjoint, les esprits le savent aussi," dit le chaman. "Ils ne savent pas si cette solitude cessera, même si vous vous mariez. Vous voulez éviter les ennuis avec de telles relations à l'avenir, bien sûr, donc les ancêtres ont suggéré quelques conseils.";;;;;;;;;;;;x
shaman.9.a;Dead spirits always give the best love advice.;Les esprits morts donnent toujours les meilleurs conseils d'amour.;;;;;;;;;;;;x
shaman.10.desc;“Great things may be in store for your grown children, the spirits have said.” Your Shaman pauses, before continuing, “They believe that one of your children will prove themselves worthy. This is an auspicious time for them. Even if they died, their spirit would bring blessings to your dynasty.”;"Beaucoup de choses peuvent arrivé à vos enfants un fois devenu adultes ont dit les esprits." Votre chaman s'interrompt, avant de continuer:"Ils croient que l'un de vos enfants se révélera digne. C'est un moment propice pour eux. Même s'ils mouraient, leur esprit apporterait des bénédictions à votre dynastie.";;;;;;;;;;;;x
shaman.10.a;Did the spirits offer any suggestions on childbearing?;Les esprits ont-ils fait des suggestions sur la procréation ?;;;;;;;;;;;;x
shaman.11.desc;“The spirits were most concerned about your children,” your Shaman says. “Does this mean that disaster will befall them? They do not know for certain. But what is certain is that utter care must be taken handling your children, for they are not prospering in these trying times.”;"Les esprits étaient très inquiets pour vos enfants", dit votre chaman. "Cela signifie-t-il que le désastre leur arrivera ? Ils ne savent pas avec certitude. Mais ce qui est certain, c'est qu'il faut prendre soin de vos enfants, car ils ne prospèrent pas en ces temps difficiles.";;;;;;;;;;;;x
shaman.11.a;My poor children... What I can do to make things better?;Mes pauvres enfants... Que puis-je faire pour améliorer les choses ?;;;;;;;;;;;;x
shaman.12.desc;“Your bear life with no close family - or at least one that is not complete,” the Shaman says. “The spirits have given me much advice to ensure you will have children. Stay true to your duties as a [Root.GetManWoman] and a [Root.GetTitle], and you will be blessed with many children. The ancestors told me...”;"Votre vie d'ours sans famille proche - ou du moins une vie qui n'est pas complète ", dit le chaman. "Les esprits m'ont donné beaucoup de conseils pour que vous ayez des enfants. Restez fidèle à vos devoirs en tant que [Root.GetManWoman] et [Root.GetTitle], et vous serez bénis avec beaucoup d'enfants. Les ancêtres m'ont dit...";;;;;;;;;;;;x
shaman.12.a;Hmm...;Hmm...;;;;;;;;;;;;x
shaman.13.desc;“The spirits seethat you currently have no children,” the Shaman says. “This is no surprise. They see many things which hinder you from garnering any offspring, which twist and pervert your fate. There are things you can try to alleviate this situation, though...”;"Les esprits voient que vous n'avez pas d'enfants", dit le chaman. "Ce n'est pas une surprise. Ils voient beaucoup de choses qui vous empêchent de récolter des descendants, qui tordent et pervertissent votre destin. Il y a des choses que vous pouvez essayer d'atténuer dans cette situation, même si...";;;;;;;;;;;;x
shaman.13.a;And that would be...;Et ça serait...;;;;;;;;;;;;x
shaman.14.desc;“The spirits have told me they have observed your dynasty for some time, and they wish to offer advice on dealing with your relatives,” your Shaman says. “The spirits do not mean to bode ill - on the contrary, they believe this is an opportune time to improve your dynasty’s influence.”;Les esprits m'ont dit qu'ils observent votre dynastie depuis un certain temps et qu'ils souhaitent vous donner des conseils sur la manière de traiter avec vos proches ", dit votre chaman. "Les esprits ne veulent pas être mauvais - au contraire, ils croient que c'est le moment opportun pour améliorer l'influence de votre dynastie.";;;;;;;;;;;;x
shaman.14.a;How can I do that, then?;Comment puis-je faire ça, alors ?;;;;;;;;;;;;x
shaman.15.desc;“Your ancestors have told me they have observed your dynasty for some time, and they wish to offer advice on dealing with your relatives,” your Shaman says. “This does not necessarily mean great conflict within your dynasty, but your ancestors bode caution, as it seems like your dynasty will...”;"Vos ancêtres m'ont dit qu'ils avaient observé votre dynastie depuis un certain temps et qu'ils souhaitaient vous donner des conseils sur la façon de traiter avec vos proches ", dit votre chaman. "Cela ne signifie pas nécessairement qu'il y a un grand conflit au sein de votre dynastie, mais vos ancêtres méritent votre attention, car il semble que votre dynastie...";;;;;;;;;;;;x
shaman.15.a;Uh-oh...;Uh-oh...;;;;;;;;;;;;x
shaman.16.desc;“The spirits have studied your servants and vassals,” your Shaman explains. “Many are deceitful and dangerous. But many are also trustworthy and loyal. Know whom to trust. Reward and protect them, and they shall do the same to you. The spirits suggest you encourage them by...”;"Les esprits ont étudié vos serviteurs et vos vassaux ", explique votre chaman. "Beaucoup sont trompeurs et dangereux. Mais beaucoup sont aussi dignes de confiance et loyaux. Savoir à qui faire confiance. Récompensez-les et protégez-les, et ils vous feront de même. Les esprits vous suggèrent de les encourager en...";;;;;;;;;;;;x
shaman.16.a;By what?;Par quoi ?;;;;;;;;;;;;x
shaman.17.desc;“The spirits are fearful for your realm’s future, but more so for you as a ruler of men,” your Shaman tells, “There are many who seek to destroy you, including those servants and vassals who serve you. If you are to defend yourself, you must make changes for the better...”;"Les esprits ont peur pour l'avenir de votre royaume, mais plus encore pour vous en tant que chef des hommes ", dit votre chaman," Il y en a beaucoup qui cherchent à vous détruire, y compris les serviteurs et les vassaux qui vous servent. Si vous voulez vous défendre, vous devez faire des changements pour le mieux...";;;;;;;;;;;;x
shaman.17.a;These changes being...;Ces changements étant...;;;;;;;;;;;;x
shaman.18.desc;“The spirits believe that your warriors shall meet many victories in battle, if war is fated to come in the new future.” Your Shaman warns, however, “But remember that advantages are but a means to victory, not victory in and of itself. Nevertheless, the spirits thought of good war plans, and told me...”;"Les esprits croient que vos guerriers rencontreront de nombreuses victoires au combat, si la guerre est destinée à venir dans un futur proche." Votre chaman avertit cependant : "Mais n'oubliez pas que ces avantages ne sont qu'un moyen de gagner, et non une victoire en soi. Néanmoins, les esprits pensèrent à de bons plans de guerre, et me dirent...";;;;;;;;;;;;x
shaman.18.a;How can I defeat my enemies, if they come?;Comment puis-je vaincre mes ennemis, si ils viennent ?;;;;;;;;;;;;x
shaman.19.desc;“Your ancestors told me this might not be a good time for battle,” your Shaman explains. “Even if you win exceptional victory, the aftermath will be of much trouble. Defeat, however, can be avoided - possibly - if you follow the spirits’ advice. They have told me that you must...”;"Vos ancêtres m'ont dit que ce n'était peut-être pas le bon moment pour la bataille ", explique votre chaman. "Même si vous remportez une victoire exceptionnelle, les conséquences seront très douloureuses. La défaite, cependant, peut être évitée - éventuellement - si vous suivez les conseils des esprits. Ils m'ont dit que vous devez...";;;;;;;;;;;;x
shaman.19.a;Doesn’t sound good to me.;Ça ne me semble pas bon.;;;;;;;;;;;;x
shaman.20.desc;“The realm should prosper fine,” your Shaman tells. “So the spirits have said. There may be difficult periods, but the realm will emerge stronger so long as you focus and stay diligent. All good things can be lost if they are not carefully watched, and even then, all good things must end eventually.”;"Le royaume devrait prospérer", dit votre chaman. "C'est ce que les esprits ont dit. Il peut y avoir des périodes difficiles, mais le royaume émergera plus fort tant que vous restez concentré et diligent. Toutes les bonnes choses peuvent être perdues si elles ne sont pas soigneusement surveillées, et même alors, toutes les bonnes choses doivent finir par se terminer.";;;;;;;;;;;;x
shaman.20.a;Did they suggest anything on how to continue this success?;Ont-ils suggéré quoi que ce soit sur la façon de poursuivre ce succès ?;;;;;;;;;;;;x
shaman.21.desc;“Your ancestors fear for the realm,” your Shaman says, before reassuring, “This does not necessarily mean disaster is at hand, but it does show that troubling times may come. Who is to suffer? The commoner? The merchants? The rulers? The spirits told me calamity could be prevented if...”;"Vos ancêtres craignent pour le royaume", dit votre chaman, avant de rassurer, "Cela ne signifie pas nécessairement que le désastre est proche, mais cela montre que des temps troublants peuvent arriver. Qui doit souffrir ? Le roturier ? Les marchands ? Les dirigeants ? Les esprits m'ont dit que la calamité pourrait être évitée si...";;;;;;;;;;;;x
shaman.21.a;Not good...;C'est pas bon...;;;;;;;;;;;;x
shaman.22.desc;“There are always those who plot and scheme against you, and while the spirits cannot always see what your enemies are planning, they can provide their protection and advice,” your Shaman says. “This should be a peaceful time for you, but be wary as always - hubris is a bringer of doom.”;"Il y a toujours ceux qui complotent et ceux qui conspirent contre vous, et même si les esprits ne peuvent pas toujours voir ce que vos ennemis planifient, ils peuvent vous offrir leur protection et leurs conseils ", dit votre chaman. "Ceci devrait être un moment paisible pour vous, mais soyez prudents comme toujours - l'orgueil est porteur de malheur.";;;;;;;;;;;;x
shaman.22.a;Any suggestions on dealing with these enemies?;Des suggestions pour faire face à ces ennemis ?;;;;;;;;;;;;x
shaman.23.desc;“There are those who plot and scheme against you, and your ancestors have warned me well that this is a dangerous time for you.” The Shaman frowns, before adding, “It is difficult to change fate as it is to know it, but your ancestors told me of a few measures you can prevent disaster...”;"Il y a ceux qui complotent et ceux qui conspirent contre vous, et vos ancêtres m'ont bien averti que c'est un moment dangereux pour vous." Le chaman fronce les sourcils, avant d'ajouter:"Il est difficile de changer le destin maintenant qu'il est connu, mais vos ancêtres m'ont parlé de quelques mesures que vous pouvez prendre pour éviter le désastre...";;;;;;;;;;;;x
shaman.23.a;Please, tell me!;Si vous plaît, dites mois !;;;;;;;;;;;;x
shaman.24.desc;“Your ancestors have told me that the spiritual needs of your people are being fulfilled,” your Shaman reports happily. “Many are learned and know the proper rites and manners of interacting with the spirit world. As ruler, you must ensure this good state of affairs lasts by...”;"Vos ancêtres m'ont dit que les besoins spirituels de votre peuple sont en train d'être comblés", se réjouit votre chaman. "Beaucoup d'entre eux sont érudits et connaissent les bons rites et les bonnes manières d'interagir avec le monde des esprits. En tant que dirigeant, vous devez vous assurer que cette bonne situation dure...";;;;;;;;;;;;x
shaman.24.a;Hmm...;Hmm...;;;;;;;;;;;;x
shaman.25.desc;“Your ancestors were rather distrustful and unfriendly when I met them, as they believe the spiritual state of your realm is lacking at best.” Your Shaman’s grimaces. “They are, however, willing to assist you in bettering the spiritual needs of the realm if you are willing to do your part.”;"Vos ancêtres étaient plutôt méfiants et hostiles quand je les ai rencontrés, car ils croient que l'état spirituel de votre royaume pourrait être mieux." Dit votre chaman en faisant une grimace. "Mais ils sont prêts à vous aider à améliorer les besoins spirituels du royaume si vous êtes prêts à faire votre part.";;;;;;;;;;;;x
shaman.25.a;What should I do then?;Que dois-je faire alors ?;;;;;;;;;;;;x
shaman.26.desc;“Your ancestors have observed you and saw that while you may have your flaws, there remains great potential in you as a person,” your Shaman says. “Continue respecting the spirits around you, be bountiful in merit and goodness. To improve yourself, the spirits suggested you...”;"Vos ancêtres vous ont observé et ont vu que, même si vous avez peut-être vos défauts, il reste un grand potentiel en vous en tant que personne", dit votre chaman. "Continuez à respecter les esprits autour de vous, soyez généreux dans le mérite et la bonté. Pour vous améliorer, les esprits vous ont suggéré...";;;;;;;;;;;;x
shaman.26.a;Well, what a relief.;Quel soulagement !;;;;;;;;;;;;x
shaman.27.desc;“Your ancestors seemed disappointed when I mentioned you,” your Shaman says. “Every [Root.GetManWoman] has flaws, that is undeniable, but the spirits believe your recent behaviors and attitudes need to be improved even more for the betterment of your realm and yourself. They suggested...”;"Vos ancêtres semblaient déçus quand je vous ai parlé de vous", dit votre chaman. "Tous les [Root.GetManWoman] ont des défauts, c'est indéniable, mais les esprits croient que vos comportements et attitudes récents doivent être améliorés encore plus pour l'amélioration de votre royaume et de vous-même. Ils ont suggéré...";;;;;;;;;;;;x
shaman.27.a;Well...;Euh ...;;;;;;;;;;;;x
shaman.28.desc;“Your ancestors told me you are in good health,” your Shaman says. “Good health is no guarantee of success, but it does show that the world favors you, for now. The spirits offered me further instructions on how you can continue possessing such strength...”;"Vos ancêtres m'ont dit que vous étiez en bonne santé", dit votre chaman. "Une bonne santé n'est pas une garantie de succès, mais elle montre que le monde vous favorise pour l'instant. Les esprits m'ont donné d'autres instructions pour que vous puissiez continuer à posséder une telle force...";;;;;;;;;;;;x
shaman.28.a;Let me hear it then.;Laisse-moi l'entendre alors.;;;;;;;;;;;;x
shaman.29.desc;“Your ancestors seem to be concerned about your health,” your Shaman indicates. “Perhaps there are evil spirits near you or your house. Your ancestors indicated they could help if necessary if I perform the proper rites, but they also suggested you should take certain measures...”;"Vos ancêtres semblent s'inquiéter de votre santé", indique votre chaman. "Il y a peut-être des mauvais esprits près de vous ou dans votre maison. Vos ancêtres m'ont dit qu'ils pourraient m'aider si j'exécutais les rites appropriés, mais ils m'ont aussi suggéré que vous preniez certaines mesures...";;;;;;;;;;;;x
shaman.29.a;What measures should I take then?;Quelles mesures dois-je alors prendre ?;;;;;;;;;;;;x
shaman.30.desc;“The spirits recognize your youth,” your Shaman says. “To be young! It is a blessing, say they, but it can quickly become a curse if used unwisely. Be level-headed, not rash. Virtuous, not wicked. The ancestors have much counsel to give you - let me recount what they told me...”;"Les esprits reconnaissent votre jeunesse", dit votre chaman. "Pour être jeune ! C'est une bénédiction, disent-ils, mais elle peut rapidement devenir une malédiction si elle est mal utilisée. Soyez lucide, pas irréfléchi. Vertueux, pas méchant. Les ancêtres ont beaucoup de conseils à vous donner - laissez-moi vous raconter ce qu'ils m'ont dit...";;;;;;;;;;;;x
shaman.30.a;What did they want to tell me?;Que voulaient-ils me dire ?;;;;;;;;;;;;x
shaman.31.desc;“Your ancestors know that you are of middle age,” your Shaman tells you. “Some may think of youth as more exciting, or of old age as more enlightening, but there is reward in middle age as well. The spirits have much advice to offer to you on how to best live your life during this time.”;"Vos ancêtres savent que vous êtes dans l'âge mûr", vous dit votre chaman. Certains peuvent penser que la jeunesse est plus excitante, d'autres que la vieillesse est plus éclairante, mais il y a aussi des récompenses à l'âge mûr. Les esprits ont beaucoup de conseils à vous donner sur la meilleure façon de vivre votre vie durant cette période.";;;;;;;;;;;;x
shaman.31.a;Let’s hear it then.;Écoutons ça alors.;;;;;;;;;;;;x
shaman.32.desc;“There is nothing more. That is all that I have been told,” your Shaman says, after telling you many more things. “Do not forget what the spirits have said. Contemplate their messages carefully.”\nYour Shaman pauses, before continuing, “Fate is a difficult thing to understand - remember that the world is ever-changing, ever-flowing. The decisions you make today could bode well or ill. Good and bad results depend on all of us, and do not arise randomly. Everything has reason and purpose. Your ancestors’ spirits do not force absolute views on you, for they cannot. But it would be extremely unwise to ignore them. They know better than we do”;"Il n' y a rien de plus. C'est tout ce qu'on m' a dit ", dit votre chaman, après vous avoir dit beaucoup d'autres choses. "N'oubliez pas ce que les esprits ont dit. Réfléchissez bien à leurs messages."\nVotre chaman fait une pause, avant de continuer, "Le destin est une chose difficile à comprendre - souvenez-vous que le monde est en perpétuel changement, toujours en mouvement. Les décisions que vous prenez aujourd'hui sont de bon augure ou non, car les bons et les mauvais résultats dépendent de nous tous et ne surviennent pas au hasard. Tout a une raison et un but. Les esprits de vos ancêtres ne vous forcent pas à avoir des vues absolues, car ils ne peuvent pas. Mais il serait extrêmement imprudent de les ignorer. Ils savent mieux que nous.";;;;;;;;;;;;x
shaman.32.name;Fate?;Le destin ?;;;;;;;;;;;;x
shaman.32.a;Very well. Thank you.;Très bien. Merci beaucoup.;;;;;;;;;;;;x
shaman.33.desc;“The spirits recognize your advanced age,” the Shaman reports. “They know that soon, you will join them. This will be a troubling time for you, full of worries about what you will leave behind, and anxiety about what you will face. Your ancestors offer you the following guidance - listen closely...”;"Les esprits reconnaissent votre âge avancé", rapporte le chaman. "Ils savent que bientôt, vous les rejoindrez. Ça sera une période troublante pour vous, pleine d'inquiétudes au sujet de ce que vous laisserez derrière vous, et d'anxiété au sujet de ce que vous affronterez. Vos ancêtres vous donnent les conseils suivants : écoutez attentivement...";;;;;;;;;;;;x
shaman.33.a;Hmm.;Hmm.;;;;;;;;;;;;x
shaman.34.desc;The humming tone of the Shaman is unmistakable, the fluidity of his movements, the tranquility with which he moves in nature... The Shaman approaches and greets you, and you stay where you are. The otherworldliness, the powers these Shamans hold - it all still mystifies and fascinates you.;Le ton fredonné du chaman est incomparable, la fluidité de ses mouvements, la tranquillité avec laquelle il bouge dans la nature... Le chaman s'approche et vous salue, et vous restez où vous êtes. L'autre monde, les pouvoirs que détiennent ces chamans - tout cela vous mystifie et vous fascine encore.;;;;;;;;;;;;x
shaman.34.a;Welcome to my court.;Bienvenue dans ma cour.;;;;;;;;;;;;x
shaman.35.desc;I currently do not have a Shaman at my court, and it reflects badly on my rule. Who will travel to the Spirit World to ask my ancestors for advice? Who will pacify the spirits who live in my realm?;Actuellement, je n'ai pas de chaman à ma cour, et cela se répercute mal sur mon règne. Qui se rendra dans le monde des esprits pour demander conseil à mes ancêtres ? Qui pacifiera les esprits qui vivent dans mon royaume ?;;;;;;;;;;;;x
shaman.35.a;I must find a Shaman, and soon!;Je dois trouver un chaman, et bientôt !;;;;;;;;;;;;x
invite_shaman_to_court;Invite Shaman to Court;Inviter un chaman à la cour;;;;;;;;;;;;x
invite_shaman_to_court_desc;Invite a shaman to the court;Inviter un chaman à votre cour;;;;;;;;;;;;x
ask_ancestors_for_advice;Ask Ancestors for Advice;Demander conseil aux ancêtres;;;;;;;;;;;;x
ask_ancestors_for_advice_desc;Ask the Shaman to communicate with your ancestors and get advice;Demander au chaman de communiquer avec vos ancêtres et d'obtenir des conseils.;;;;;;;;;;;;x
#Finnish Pagan Stuff ;;;;;;;;;;;;;;x
great_bear_hunt;Held a Great Bear Hunt;A tenu une Grande Chasse à l'Ours;;;;;;;;;;;;x
great_bear_hunt_desc;This lord recently wenting hunting for a great bear and afterwards the lord held a Karhunpeijaiset celebration.;Ce seigneur est récemment allé chasser un grand ours et par la suite le seigneur a célébré le Karhunpeijaiset.;;;;;;;;;;;;x
bear_hunt_held;Bear Hunt Held;Grande Chasse à l'Ours;;;;;;;;;;;;x
bear_hunt_held_desc;If you see this please tell me in the VIET thread, thanks!;Si vous voyez cela, merci de me le dire dans le VIET thread, merci !;;;;;;;;;;;;x
haltija_good;Friendly Haltija;Haltija amical;;;;;;;;;;;;x
haltija_good_desc;The Haltija (guardian spirits in Finnish paganism) of this province are friendly and helpful towards its people and rulers, and as such this province should prosper more than it normally would from the Haltijas' assistance.;Les Haltija (esprits gardiens dans le paganisme finlandais) de cette province sont amicaux et serviables envers son peuple et ses dirigeants, et, en tant que telle, cette province devrait prospérer plus qu'elle ne le ferait normalement avec l'aide des Haltijas.;;;;;;;;;;;;x
haltija_neutral;Neutral Haltija;Haltija neutre;;;;;;;;;;;;x
haltija_neutral_desc;The Haltija (guardian spirits in Finnish paganism) of this province are neutral towards its people and rulers, and as such this province will experience neither the benefits nor the disasters the Haltija could bring.;Les Haltija (esprits gardiens dans le paganisme finlandais) de cette province sont neutres à l'égard de son peuple et de ses dirigeants, et en tant que telle, cette province ne connaîtra ni les bienfaits ni les désastres que les Haltija pourraient apporter.;;;;;;;;;;;;x
haltija_bad;Unfriendly Haltija;Haltija inamical;;;;;;;;;;;;x
haltija_bad_desc;The Haltija (guardian spirits in Finnish paganism) of this province are unfriendly and distrustful of its people and rulers, and as such this province is not doing as well as it should.;Les Haltija (esprits gardiens dans le paganisme finlandais) de cette province sont hostiles et méfiants à l'égard de son peuple et de ses dirigeants, et en tant que telle, cette province ne fait pas aussi bien qu'elle le devrait.;;;;;;;;;;;;x
haltija_offerings_bad;Haltija Rejected Offerings;Les Haltija ont rejeté les offrandes;;;;;;;;;;;;x
haltija_offerings_bad_desc;This Finnish Pagan's ruler recent attempt to appease the Haltija of his or her realm with offerings has been largely unsuccessful.;La récente tentative de ce dirigeant païen finlandais d'apaiser les Haltija de son royaume par des offrandes a été en grande partie infructueuse.;;;;;;;;;;;;x
haltija_offerings_neutral;Haltija Accepted Offerings;Les Haltija ont accepté les offrandes;;;;;;;;;;;;x
haltija_offerings_neutral_desc;This Finnish Pagan's ruler recent attempt to appease the Haltija of his or her realm with offerings has been somewhat successful, though it did not change the Haltija's attitude.;La récente tentative de ce dirigeant païen finlandais d'apaiser les Haltija de son royaume par des offrandes a été quelque peu réussie, bien qu'elle n'ait pas changé l'attitude des Haltija.;;;;;;;;;;;;x
haltija_offerings_good;Haltija Appreciated Offerings;Les Haltija ont apprécié les offrandes;;;;;;;;;;;;x
haltija_offerings_good_desc;This Finnish Pagan's ruler recent attempt to appease the Haltija of his or her realm with offerings has been largely successful.;La récente tentative de ce dirigeant païen finlandais d'apaiser les Haltija de son royaume par des offrandes a été largement couronnée de succès.;;;;;;;;;;;;x
finnish_unhappy_dead;Parents' Souls are Troubled;L'âme des parents est troublée;;;;;;;;;;;;x
finnish_unhappy_dead_desc;One or both of this person's parents is still traveling to Tuonela (the Finnish Pagan "Spirit World") but is unhappy for some reason, and is thus currently causing some trouble for this person. However, the troubles should end once the parents' spirit finishes traveling to Tuonela.;L'un ou les deux parents de cette personne voyagent toujours dans le Tuonela (royaume des morts de la mythologie finlandaise) mais sont malheureux pour une raison ou une autre, ce qui cause actuellement des problèmes à cette personne. Cependant, les troubles devraient cesser une fois que l'esprit des parents aura fini de voyager à Tuonela.;;;;;;;;;;;;x
finnish.1.desc;Now that I am dead, I shall be traveling to Tuonela, the spirit world! Hopefully my family and friends will cope with the loss.;Maintenant que je suis mort, je vais voyager à Tuonela, le monde des esprits! J'espère que ma famille et mes amis feront face à cette perte.;;;;;;;;;;;;x
finnish.1.a;I hope my children know what they’re doing too.;J'espère que mes enfants savent aussi ce qu'ils font.;;;;;;;;;;;;x
finnish.2.tooltip;Your children prepare the funeral.;Vos enfants préparent les funérailles.;;;;;;;;;;;;x
finnish.2.desc;The funeral procession of your recently deceased parent, [From.GetTitledFirstName], continues to the burial site. On the way, you stop below a chosen tree. Here you make a karsikko marking to remind your parent’s soul that they are no longer among the living. ;La procession funèbre de votre parent récemment décédé, [From.GetTitledFirstName], se poursuit jusqu'au cimetière. En chemin, vous vous arrêtez sous un arbre choisi. Ici, vous faites un marquage karsikko pour rappeler à l'âme de vos parents qu'ils ne sont plus parmi les vivants.;;;;;;;;;;;;x
finnish.2.a;Hopefully [From.GetHerHis] soul will remember and not cause trouble.;Espérons que son âme s'en souviendra et ne causera pas d'ennuis.;;;;;;;;;;;;x
finnish.3.desc;It is time for the great bear hunt and the bear feast, Karhunpeijaiset! You gather all the willing men of your court. As you all prepare for an arduous journey to the den many days away, you all begin to sing the first ritual song. “Where was the Bear born, honeypaw turned around?”;Il est temps pour la Grande Chasse à l'Ours et la fête de l'ours, Karhunpeijaiset ! Vous rassemblez tous les hommes de votre cour. Alors que vous vous préparez tous à un voyage ardu vers la tanière, vous commencez tous à chanter le premier chant rituel. "Où est né l'ours, le miellat est-il sorti ?";;;;;;;;;;;;x
finnish.3.a;“High up in the heavens on the Great Bear’s shoulders...”;"Haut dans le ciel sur les épaules du Grand Ours...";;;;;;;;;;;;x
finnish.4.tooltip;Preparations for the great Bear hunt are made.;Préparation de la Grande Chasse à l'Ours.;;;;;;;;;;;;x
finnish.4.name;To the Bear Den;À la tanière de l'ours;;;;;;;;;;;;x
finnish.4.desc;After several days of preparing, you and your men are ready. The whole journey must be easier for you than the young orphan girl who follows you and the other hunters. This chosen girl is to represent and symbolize the bear’s bride and entice the bear to come outside its den - it would be a disaster to kill a sleeping bear inside its den, a sacrilegious act akin to a thousand murders. The bear must be killed in the heat of battle.\nAs you all walk away from the village, into the wilderness, you and the men sing the proper songs and hymns to the girl: “Come, Maiden, be our journey’s guide! Pitiful one, be our companion. Take us to the hillock, where the where the pines gleam red, and silver are the fir tree branches...”;Après plusieurs jours de préparation, vous et vos hommes êtes prêts. Tout le voyage doit être plus facile pour vous que la jeune orpheline qui vous suit, vous et les autres chasseurs. Cette jeune fille choisie doit représenter et symboliser la mariée de l'ours et inciter l'ours à sortir de sa tanière - ce serait un désastre de tuer un ours endormi dans sa tanière, un acte sacrilège semblable à un millier de meurtres. L'ours doit être tué dans le feu de la bataille. Comme vous vous éloignez tous du village, dans le désert, vous et les hommes chantez les chants et les hymnes appropriés à la jeune fille : "Venez, demoiselle, soyez notre guide de voyage! Pitié, soyez notre compagnon. Emmenez-nous à la colline, où les pins brillent de rouge et l'argent sont les branches de sapin...";;;;;;;;;;;;x
finnish.4.a;Let’s do this.;Faisons ça.;;;;;;;;;;;;x
finnish.5.tooltip;The journey to the Bear's den begins;Le voyage vers la tanière de l'ours commence;;;;;;;;;;;;x
finnish.5.name;Get up, Get Out!;Debout, Dehors !;;;;;;;;;;;;x
finnish.5.desc;A few days later, you finally come upon the bear’s den. The girl has already gone in, singing a hymn, “Forest, favor your hunters! Get up, get out, sooty fellow, get up from the sooty fire...” As you wait, you cannot shake off the feeling of tiredness. Still, you know this is an important task, and you manage keep yourself awake.\n At last, the orphan girl has done her task in awakening the bear, who shouts a mighty roar. The girl scurries outside and behind your men to safety, and the bear follows, charging out of its den. You and the hunters prepare for battle, and you...;Quelques jours plus tard, vous tombez enfin sur la tanière de l'ours. La jeune fille est déjà entrée, en chantant un hymne, "Forêt, favorisez vos chasseurs ! Lève-toi, sors de là, compagnon de suie, lève-toi du feu de suie..." En attendant, vous ne pouvez pas vous débarrasser de ce sentiment de fatigue. Mais vous savez que c'est une tâche importante, et vous vous êtes arrangé pour rester éveillé.\nEnfin, la fille orpheline a accompli sa tâche en réveillant l'ours, qui crie un rugissement puissant. La jeune fille se précipite à l'extérieur et derrière vos hommes pour se mettre en sécurité, et l'ours suit, en chargeant hors de sa tanière. Vous et les chasseurs vous préparez au combat, et vous...;;;;;;;;;;;;x
finnish.5.a;Charge headfirst at the head of your men.;Chargez en premier à la tête de vos hommes.;;;;;;;;;;;;x
finnish.5.b;Stay by the side of your men.;Restez à côté de vos hommes.;;;;;;;;;;;;x
finnish.5.c;Try to stay in the back with the young girl and not get hurt.;Essaie de rester à l'arrière avec la jeune fille et de ne pas vous blesser.;;;;;;;;;;;;x
finnish.6a.tooltip;You bravely fight the bear like a true hero (or maybe like a idiotic madman);Vous combattez courageusement l'ours comme un vrai héros (ou peut-être comme un fou stupide);;;;;;;;;;;;x
finnish.6b.tooltip;You fight the bear along with your men;Vous combattez l'ours avec vos hommes;;;;;;;;;;;;x
finnish.6c.tooltip;You act like a coward;Vous agissez comme un lâche;;;;;;;;;;;;x
finnish.6.name;We Didn't Kill the Bear;Nous n'avons pas tué l'ours;;;;;;;;;;;;x
finnish.6.desc;Glorious! The bear has been killed. But before all of you can celebrate, you must all tell the bear that it was slain not by the hunters, but in an accident. This is so the bear’s soul will be happy so it can reincarnate properly - otherwise, the hunt and feast will be in vain.\n“It wasn’t I who met you, the bear, or any the rest of my mates,” you sing, along with the other men. “You, yourself, fell off the spruce, slipped from the bent bough yourself, pierced your berry-filled belly, shattered your golden maw...” Hopefully you will convince the bear’s soul for now, but only a proper ceremony back home during the Karhunpeijaiset will ensure for certain that the bear’s soul is placated.;Glorieux ! L'ours a été tué. Mais avant que vous puissiez tous faire la fête, vous devez tous dire à l'ours qu'il a été tué non pas par les chasseurs, mais dans un accident. C'est ainsi que l'âme de l'ours sera heureuse pour qu'il puisse se réincarner correctement - autrement, la chasse et la fête seront vaines.\n"Ce n'est pas moi qui vous ai rencontrés, l'ours ou tout autre membre de mes camarades", vous chantez, avec les autres hommes. "Vous êtes vous même tombé de l'épinette, vous avez glissé de la branche cassé, vous avez percé votre ventre rempli de baies, vous avez brisé votre gueule d'or..." Espérons que vous convaincrez l'âme de l'ours pour le moment, mais seule une cérémonie correcte à la maison pendant le Karhunpepeijaiset vous assurera que l'âme de l'ours est apaisée.;;;;;;;;;;;;x
finnish.6.a;It’s time to go back home, then...;Il est temps de rentrer à la maison, alors...;;;;;;;;;;;;x
finnish.7.tooltip;The journey back home begins.;Le voyage de retour commence.;;;;;;;;;;;;x
finnish.7.name;The One with Rough Fur Arrives;Celui qui a la fourrure arrive;;;;;;;;;;;;x
finnish.7.desc;The journey home was even more arduous, though more so because you had to carry the bear’s corpse back and mark your route by slicing off slivers of tree bark. But eventually, you make your way back home, where you are greeted by the whole community.\n“The one with rough fur has arrived!” you and your men shout, careful not to say the actual word for ‘bear’ (the word for such a holy animal is only properly used during hymns after all). “The one with rough fur has arrived! Make way, boys and girls, make way!”\nMeanwhile, some people speak to the bear, to ensure, once more, that its spirit is happy. “We have been awaiting your arrival!” “We are delighted to have you with us!” “Oh, great one with rough fur, we have prepared a lavish feast in your honor!”;Le voyage de retour à la maison était encore plus ardu, mais surtout parce que vous deviez ramener le cadavre de l'ours et marquer votre route en découpant des morceaux d'écorce d'arbre. Mais finalement, vous rentrez chez vous, où toute la communauté vous accueille.\n"Celui avec de la fourrure est arrivé !" vous et vos hommes criez, en prenant garde de ne pas dire le mot même "d'ours" (le mot pour un tel animal sacré n'est utilisé que dans les hymnes, après tout). "Celui avec de la fourrure est arrivé ! Laissez passer, les garçons et les filles, laissez passer !"\nPendant ce temps, certains parlent à l'ours pour s'assurer que son esprit est heureux. " "Nous attendions votre arrivée !" "Nous sommes ravis de vous avoir parmi nous !" "Oh, grand homme à la fourrure, nous avons préparé un festin somptueux en votre honneur !";;;;;;;;;;;;x
finnish.7.a;Now let’s bring it inside.;Maintenant, amenons-le à l'intérieur.;;;;;;;;;;;;x
finnish.8.tooltip;The great bear feast, Karhunpeijaiset, soon begins!;La grande fête de l'ours, Karhunpeijaiset, commence bientôt!;;;;;;;;;;;;x
finnish.8.name;Karhunpeijaiset;Karhunpeijaiset;;;;;;;;;;;;x
finnish.8.desc;Thankfully everyone back home prepared well for the feast while you and the men were away. It is only a short wait before the bear is cooked. The bear’s head, the skull dish, is placed first at the top of the table before you - the bear’s head is the most sacred, so it is only proper. Then, the other dishes are placed, including the main meal, a special pea soup made with the bear’s head, paws, and other magical parts of its body.\nAs you and everyone else feasts, you all sing a hymn. “I'll take the Bear’s ear for my own ear, along with the ear before, to sharpen my own hearing...”;Heureusement, tout le monde s'est bien préparé pour la fête pendant que vous et les hommes étiez partis. Il suffit d'une courte attente avant que l'ours ne soit cuit. La tête de l'ours, le plat du crâne, est placé d'abord en haut de la table avant vous - la tête de l'ours est la plus sacrée, c'est évident. Ensuite, les autres plats sont placés, y compris le repas principal, une soupe aux pois spéciale faite avec la tête de l'ours, les pattes, et d'autres parties magiques de son corps.\nComme vous et tous les autres, vous festoyez et vous chantez un hymne. "Je remplacerai mon oreille par l'oreille de l'Ours, pour aiguiser ma propre ouïe...";;;;;;;;;;;;x
finnish.8.a;“I'll take the Bear’s nose and leave him with no scent...”;"Je vais prendre le nez de l'Ours et je ne laisserai aucune odeur...";;;;;;;;;;;;x
finnish.9.tooltip;The feasting continues;La fête continue;;;;;;;;;;;;x
finnish.9.name;Burying the Bones;Enterrer les os;;;;;;;;;;;;x
finnish.9.desc;The feast is finished after many days of eating and drinking. There too were many amusements, and everyone (including you) had to perform something for everyone else, be it singing, storytelling, joking, or something else. Nevertheless, the Bear’s body has been picked clean, with nothing but bones left. These bones must be buried, while the skull will be placed high on the branches of a special ‘kallohonka’ or skull tree.\nEveryone sings the proper hymns as the bear’s skull and bones are carried to the designated burial site. “Golden one, get on your way, money precious get moving, along the golden lane, along the silver road! You'll not be taken far from here...”;La fête est terminée après de nombreux jours de repas et de boissons. Il y avait aussi beaucoup de divertissements, et tout le monde (y compris vous) devait jouer quelque chose pour tout le monde, que ce soit chanter, raconter des histoires, plaisanter ou autre chose. Néanmoins, le corps de l'ours a été nettoyé, il ne reste plus que des os. Ces os doivent être enterrés, tandis que le crâne sera placé haut sur les branches d'un kallohonka spécial ou d'un crâne.\n Tout le monde chante les hymnes appropriés comme le crâne de l'ours et les os sont transportés au site d'enterrement désigné. "Celle en or, continuez votre route, l'argent précieux se déplace, tout au long de la voie en or, le long de la route d'argent ! Vous ne serez pas loin d'ici...";;;;;;;;;;;;x
finnish.9.a;“Just to a pine tree on a hill, a juniper at the field's far edge...”;"Juste à un pin sur une colline, un genévrier à l'autre bout du champ...";;;;;;;;;;;;x
finnish.10.tooltip;The Karhunpeijaiset comes to an end.;Le Karhunpeijaiset prend fin.;;;;;;;;;;;;x
finnish.10.desc;So ends the bear hunt and Karhunpeijaiset or bear feast. You, the hunters, the accompanying orphan girl, and everyone else congratulate each other on a job well done. The bear’s skull will stay on the pine tree for years to come, and remind all of this moment.;Ainsi finit la chasse à l'ours et le Karhunpeijaiset ou la fête de l'ours. Vous, les chasseurs, la fille orpheline qui l'accompagne et tous les autres se félicitent pour le travail bien fait. Le crâne de l'ours restera sur le pin pour les années à venir, et tout le monde se rappellera de ce moment.;;;;;;;;;;;;x
finnish.10.a;It is time to return to normal life, unfortunately...;Il est temps de revenir à une vie normale, malheureusement...;;;;;;;;;;;;x
finnish.11.desc;The local shamans have identified the local Haltija, or guardian spirits, who protect the province of [Root.GetName]. You’ve just visited there to give them offerings and pray that they will prove amiable and helpful.;Les chamans locaux ont identifié les Haltija locaux, ou esprits gardiens, qui protègent la province de [Root.GetName]. Vous venez de vous y rendre pour leur donner des offrandes et prier pour qu'ils soient aimables et serviables.;;;;;;;;;;;;x
finnish.11.a;Let’s hope this works...;Espérons que ça marche...;;;;;;;;;;;;x
finnish.12.desc;The province of [Root.GetName] was once controlled by Finnish Pagans who believed in the Haltija, or guardian spirits. However, our beliefs have nothing to do with such superstition, and there is no need to appease these “spirits” no matter what the peasants say.;La province de [Root.GetName] était autrefois contrôlée par des païens finlandais qui croyaient aux Haltija, ou esprits gardiens. Cependant, nos croyances n'ont rien à voir avec une telle superstition, et il n'est pas nécessaire d'apaiser ces "esprits" quoi que disent les paysans.;;;;;;;;;;;;x
finnish.12.a;Bah!;Bah !;;;;;;;;;;;;x
finnish.13.desc;Local shamans from the province of [Root.GetName] report that the Haltija, or guardian spirits, are becoming more and more receptive to our presence there. This is perhaps a good thing, as kind and cooperative Haltija ensure that the land will prosper and the people live in peace and stability.;Les chamans locaux de la province de [Root.GetName] rapportent que les esprits Haltija, ou esprits gardiens, sont de plus en plus réceptifs à notre présence là-bas. C'est peut-être une bonne chose, car la gentillesse et la coopération des Haltija font en sorte que la terre prospère et que les gens vivent en paix et dans la stabilité.;;;;;;;;;;;;x
finnish.13.a;Let us hope this continues.;Espérons que cela se poursuive.;;;;;;;;;;;;x
finnish.14.desc;Local shamans from the province of [Root.GetName] report that the Haltija, or guardian spirits, are becoming less and less welcoming of our presence there. What sort of things could have gone wrong? While this does not entail disaster, we must remain cautious and friendly towards the Haltija there.;Les chamans locaux de la province de [Root.GetName] rapportent que les esprits Haltija, ou esprits gardiens, deviennent de moins en moins accueillants de notre présence là-bas. Quel genre de choses aurait pu mal tourner ? Bien que cela n'entraîne pas de désastre, nous devons rester prudents et amicaux à l'égard des Haltija.;;;;;;;;;;;;x
finnish.14.a;Hopefully the situation changes soon.;J'espère que la situation changera bientôt.;;;;;;;;;;;;x
finnish.15.desc;In order to improve your relationship with the Haltija throughout your demesne, you have decided to make some offerings to them. You decide to gather beautiful flowers, fragrant wood, good food, and whatever else you can think of in preparation for this offering.;Afin d'améliorer votre relation avec les Haltija dans votre domaine, vous avez décidé de leur faire des offrandes. Vous décidez de cueillir de belles fleurs, du bois parfumé, de la bonne nourriture et tout ce que vous pouvez imaginer en préparation à cette offrande.;;;;;;;;;;;;x
finnish.15.a;Hopefully this works...;Espérons que cela marche...;;;;;;;;;;;;x
finnish.16.tooltip;You, the Shamans, and other important persons gather to make the offerings.;Vous, les chamans et d'autres personnes importantes vous réunissez pour faire les offrandes.;;;;;;;;;;;;x
finnish.16.desc;You and your Shaman, along with a few others, gather before the sacred site and make the offerings to the Haltija. You all chant hymns and praise the Haltija, before retiring for the night. Several days later, your Shaman comes to you to duly report how the Haltija thought of the gifts.;Vous et votre chaman, ainsi que quelques autres, vous vous réunissez devant le lieu sacré et faites des offrandes aux Haltija. Vous chantez tous des hymnes et louez les Haltija, avant de vous retirer pour la nuit. Quelques jours plus tard, votre chaman vient à vous pour vous rapporter comment les Haltija pensaient des cadeaux.;;;;;;;;;;;;x
finnish.16.a;Did they like it?;Ils ont aimé ?;;;;;;;;;;;;x
finnish.17.tooltip;The Haltija reject the offerings.;Les Haltija rejettent les offrandes.;;;;;;;;;;;;x
finnish.17.desc;Your Shaman tells you that the Haltija throughout your demesne rejected your offerings, and do not appreciate what they view as a dishonest attempt to appease them. This does not mean they will be malevolent towards us, but we should not expect our relationship with them to improve.;Votre chaman vous dit que les Haltija dans votre domaine ont rejeté vos offrandes, et n'apprécient pas ce qu'ils considèrent comme une tentative malhonnête de les apaiser. Cela ne signifie pas qu'ils seront malveillants à notre égard, mais nous ne devons pas nous attendre à ce que nos relations avec eux s'améliorent.;;;;;;;;;;;;x
finnish.17.a;Not good.;C'est pas bon.;;;;;;;;;;;;x
finnish.18.tooltip;The Haltija accept the offerings but are neutral.;Les Haltija acceptent les offrandes mais sont neutres.;;;;;;;;;;;;x
finnish.18.desc;Your Shaman reports that while the Haltija throughout your demesne accepted your offerings, they still seem to be a bit reluctant to change their current stance with us. At the least, they do appear to appreciate the gifts. ;Votre chaman rapporte que même si les Haltija ont accepté vos offrandes dans votre domaine, ils semblent encore un peu réticents à changer leur position actuelle avec nous. Au moins, ils semblent apprécier les cadeaux.;;;;;;;;;;;;x
finnish.18.a;Alright.;Très bien.;;;;;;;;;;;;x
finnish.19.tooltip;The Haltija appreciate the offerings.;Les Haltija apprécient les offrandes.;;;;;;;;;;;;x
finnish.19.desc;Your Shaman says that the Haltija throughout your demesne seem to be very receptive to your offerings and appreciate your gesture of goodwill. Perhaps your relationship with them will continue to improve.;Votre chaman dit que les Haltija dans votre domaine, semble être très réceptif à vos offrandes et apprécie votre geste de bonne volonté. Peut-être que votre relation avec eux continuera de s'améliorer.;;;;;;;;;;;;x
finnish.19.a;Great to hear.;C'est bon à entendre;;;;;;;;;;;;x
finnish.20.tooltip;Your parent's soul is unhappy despite your efforts and might cause a bit of trouble.;L'âme de votre parent est malheureuse malgré vos efforts et pourrait causer un peu de problèmes.;;;;;;;;;;;;x
finnish.20.name;An Unhappy Soul;Une âme malheureuse;;;;;;;;;;;;x
finnish.20.desc;Your deceased parent continues to stir up trouble despite your karsikko marking. Why is the soul coming back unhappy? The local Shamans say it doesn’t seem to be too serious a case, and once your parent’s soul calms down, they should be able to go to the spirit world, Tuonela, peacefully.\nUntil then, however, the Shamans say you should try to show as much respect as you can, to reassure and pacify the soul. For instance, you and your relatives will not speak ill of the deceased, and doing small sacrifices and offerings here and there.;Votre parent décédé continue de causer des ennuis malgré votre marquage karsikko. Pourquoi l'âme reviens malheureuse ? Les chamans locaux disent que ce n'est pas un cas trop grave, et une fois que l'âme de votre parent se sera calmée, ils devraient pouvoir aller dans le monde des esprits, Tuonela, pacifiquement. Jusque-là, cependant, les chamans disent que vous devriez essayer de montrer le plus de respect possible, pour rassurer et pacifier l'âme. Par exemple, vous et vos proches ne direz pas du mal du défunt, vous ferez des petits sacrifices et des petites offrandes ici et là.;;;;;;;;;;;;x
finnish.20.a;I hope this all works!;J'espère que tout ça marchera !;;;;;;;;;;;;x
finnish.21.tooltip;It's time to put the Bear's skull up on the Kallohonka tree.;Il est temps de mettre le crâne de l'ours sur l'arbre Kallohonka.;;;;;;;;;;;;x
finnish.21.name;Kallohonka - the Skull Tree;Kallohonka - L'arbre crâne;;;;;;;;;;;;x
finnish.21.desc;The bones have been buried, but the skull must be placed upon a tree to help deliver the bear’s soul back to the heavens, where it can then reincarnate back to the earth where it can walk again. You and the rest of the hunters come before the bear, and sing once more to reassure the bear that you did not wickedly slay it, and that the bear had been treated honorably as befits such a holy animal.\nYou continue your singing as the skull is carefully raised to the top of the pine tree. “I set this bear on a pure clean tree, right in the smallest pine, a fir tree with a hundred sprigs. I set it there to watch the moon, I set it there to fix its eyes on the sun...”;Les os ont été enterrés, mais le crâne doit être placé sur un arbre pour aider à restituer l'âme de l'ours au ciel, où il peut ensuite se réincarner sur terre où il peut marcher de nouveau. Vous et le reste des chasseurs vous présentez devant l'ours, et vous chantez une fois de plus pour le rassurer que vous ne l'avez pas méchamment tué, et que l'ours a été traité honorablement comme un animal si saint.\nVous continuez à chanter comme le crâne est soigneusement élevé au sommet du pin. "J'ai posé cet ours sur un arbre pur et propre, juste dans le plus petit pin, un sapin avec une centaine de branches. Je l'ai placé là pour regarder la lune, je l'ai placé là pour fixer ses yeux sur le soleil...";;;;;;;;;;;;x
finnish.21.a;“I set it there to know the Great Bear in the sky...”;"Je l'ai placé là pour connaître le Grand Ours dans le ciel...";;;;;;;;;;;;x
finnish.22.desc;The orphan girl who accompanies you and your men - she’s pretty. Really pretty. And she’s quite young, too. Indecent thoughts (some rather vivd) have filled your mind for the last few days about this fair virgin. Seducing her would be too easy, and since she’s a peasant, there won’t be any consequences.;La fille orpheline qui vous accompagne, vous et vos hommes, est jolie. Vraiment très jolie. Et elle est très jeune aussi. Des pensées indécentes (certaines plutôt vivantes) ont rempli votre esprit depuis quelques jours à propos de cette belle vierge. La séduire serait trop facile, et comme c'est une paysanne, il n'y aura pas de conséquences.;;;;;;;;;;;;x
finnish.22.a;No. I’m on a holy journey, I cannot do this... for now.;Non. Je suis en voyage sacré, je ne peux pas faire ça... pour l'instant.;;;;;;;;;;;;x
finnish.22.b;It’s time to make my move, hehe...;Il est temps pour moi de faire un mouvement, héhé...;;;;;;;;;;;;x
finnish.23.tooltip;My fantasies shall become reality...;Mes fantasmes deviendront réalité...;;;;;;;;;;;;x
finnish.23.desc;As you figured, the orphan girl fell for you and your honeyed words. She has no experience with men, does she? One night, you and the girl sneak away to a secluded area of the forest. Setting her gently on the ground, you say sweet nothings while admiring her lovely form.;Comme vous l'avez imaginez, l'orpheline est tombée amoureuse de vous et de vos mots mielleux. Elle n'a aucune expérience avec les hommes, n'est-ce pas ? Un soir, vous et la fille vous fuyez dans un endroit isolé de la forêt. En la posant doucement sur le sol, vous dites de douces choses tout en admirant sa belle forme.;;;;;;;;;;;;x
finnish.23.a;Let me teach you a few things...;Laisse-moi t'apprendre quelques trucs...;;;;;;;;;;;;x
finnish.24.desc;The orphan girl who accompanies you and your men proves to be a very spiritual sort. She’s always praying or chanting hymns - no wonder she was chosen for this! While talking with her by the campfire one night, she says how grateful she is for this opportunity to be part of this great event.;La fille orpheline qui vous accompagne et vos hommes s'avère être un être très spirituelle. Elle est toujours en train de prier ou de chanter des hymnes - pas étonnant qu'elle ait été choisie pour cela ! Un soir, en discutant avec elle au coin du feu de camp, elle vous dit à quel point elle est reconnaissante d'avoir eu l'occasion de participer à ce grand événement.;;;;;;;;;;;;x
finnish.24.a;The gods will be honored by your presence.;Les dieux seront honorés de votre présence.;;;;;;;;;;;;x
finnish.24.b;This probably doesn’t do much for the gods to begin with.;Cela ne fait probablement pas grand-chose pour les dieux.;;;;;;;;;;;;x
finnish.25.desc;To your surprise, the orphan girl who accompanied you appears to be quite skilled in handling bow and arrow. “My father was a skilled hunter. He taught me a lot before he died,” she explains. “I know it’s not my place to actually hunt the bear, but I can teach you a few of my father’s tricks.”;A votre grande surprise, la fille orpheline qui vous a accompagné semble très habile dans la maîtrise de l'arc et des flèches. "Mon père était un chasseur habile. Il m'a beaucoup appris avant de mourir", explique-t-elle. "Je sais que ce n'est pas à moi de chasser l'ours, mais je peux vous apprendre quelques trucs de mon père.";;;;;;;;;;;;x
finnish.25.a;Sure, that sounds great.;Bien sûr, ça a l'air génial.;;;;;;;;;;;;x
finnish.26.desc;“Look what you’ve done,” one of the men tell me, “You’ve made the girl cry and run away. How are we supposed to hunt the bear if we don’t have an orphan girl? Since you were the one who mocked her, you should go and find her.” Bah! I can be a lot worse if I want to, but come on...;"Regarde ce que vous avez fait", dit l'un de vos homme, "vous avez fait pleurer la fille et elle s'est enfuie. Comment allons-nous chasser l'ours si on n' a pas d'orpheline ? Puisque c'est vous qui vous êtes moqué d'elle, vous devriez aller la chercher." Bah ! Je peux être bien pire si je veux, mais bon...;;;;;;;;;;;;x
finnish.26.a;What a moronic wench, that orphan girl!;Quelle conne, cette orpheline !;;;;;;;;;;;;x
finnish.27.tooltip;Now which direction did that girl run off in again?;Dans quelle direction cette fille s'est-elle enfuie déjà ?;;;;;;;;;;;;x
finnish.27.desc;I find the orphan sitting on a tree stump a far distance away. She notices me as I approach and turns away, probably scared. Gah! How troublesome, that I have to be so gentle and soft, just because she’s that important. Still, maybe I should really apologize. I kind of feel bad for her.;Je trouve l'orpheline assise sur une souche d'arbre très loin. Elle me remarque à l'approche et se détourne, probablement effrayée. Argh ! Comme c'est pénible d'être aussi doux parce qu'elle est importante. Je devrais quand même m'excuser. Je me sens un peu mal pour elle.;;;;;;;;;;;;x
finnish.27.a;Nah, I’m not that soft. I shout, “Get back here, you wench!”;Non, je ne suis pas si doux. J'ai crié :"Reviens ici, salope !";;;;;;;;;;;;x
finnish.27.b;I sit down next to her to make my first honest apology in a while.;Je m'assieds à côté d'elle pour faire mes premières excuses honnêtes depuis un moment.;;;;;;;;;;;;x
finnish.28.desc;There’s something about the orphan girl accompanying you and the men that you find attractive. Not in a lustful way, of course, but as a person, one who invites a lot of sympathy. For an orphaned peasant, and a young one, she’s been through and seen a lot.;Il y a quelque chose à propos de l'orpheline qui vous accompagne et des hommes que vous trouvez attirants. Pas d'une manière luxuriante, bien sûr, mais en tant que personne, quelqu'un qui invite beaucoup de sympathie. Pour une paysanne orpheline et jeune, elle a traversé une période difficile.;;;;;;;;;;;;x
finnish.28.a;She’s a real survivor, she is.;C'est une vraie survivante.;;;;;;;;;;;;x
finnish.29.tooltip;[Root.GetTitledFirstName] befriends the orphan and gets to know her better.;[Root.GetTitledFirstName] se lie d'amitié avec l'orpheline et apprend à mieux la connaître.;;;;;;;;;;;;x
finnish.29.desc;You and the orphan girl seem to get along pretty well, despite the difference in age and social status. She seems like a really gifted child of sharp mind and pure heart. “I’m glad you were chosen for this task,” you tell her. “A clever and kind woman is the one needed for something like this.”;Vous et l'orpheline semblez bien vous entendre, malgré la différence d'âge et de statut social. Elle a l'air d'une enfant très douée, à l'esprit vif et au coeur pur. "Je suis content que vous avez été choisi pour cette tâche", lui dites-vous, "Une femme intelligente et gentille est celle qu'il faut pour quelque chose comme ça.";;;;;;;;;;;;x
finnish.29.a;I admit her smile is kind of infectious.;J'admets que son sourire est contagieux.;;;;;;;;;;;;x
finnish.30.tooltip;I should do something for this girl.;Je devrais faire quelque chose pour cette fille.;;;;;;;;;;;;x
finnish.30.desc;You decide to give the orphan some of your belongings and valuables as a gift. A good person like her needs all the help she can get. Though she refuses your gift at first, she finally relents and happily accepts your help. It’s the least you can do for her.;Vous décidez de donner à l'orpheline certains de vos biens et objets de valeur en cadeau. Une bonne personne comme elle a besoin de toute l'aide possible. Bien qu'elle refuse d'abord votre don, elle finit par céder et accepte avec joie votre aide. C'est le moins que vous puissiez faire pour elle.;;;;;;;;;;;;x
finnish.30.a;I hope it’ll serve you well.;J'espère que ça vous servira bien.;;;;;;;;;;;;x
finnish.31.desc;It’s been a while since the Karhunpeijaiset, but lately I’ve been thinking about the orphan girl I befriended. Quite precocious and sweet, she was. Can she survive out there, even with the rather generous gift I gave? I think I have to seek her out and see how she’s doing...;Cela fait longtemps que le Karhunpeijaiset ne s'est pas produit, mais dernièrement, j'ai pensé à la fille orpheline avec qui je me suis lié d'amitié. Elle était très précoce. Peut-elle survivre là-bas, même avec le don généreux que j'ai fait? Je pense que je dois la chercher et voir comment elle va...;;;;;;;;;;;;x
finnish.31.a;Where to start?;Par où commencer ?;;;;;;;;;;;;x
finnish.32.tooltip;[Root.GetTitledFirstName] tries to find out where the orphan girl lives.;[Root.GetTitledFirstName] essaie de trouver où vit l'orpheline.;;;;;;;;;;;;x
finnish.32.desc;Thankfully the peasants I met were rather helpful, and I was able to quickly locate the orphan girl, who lived in a little shack at the edge of a small village. She is shocked to see you, but greets you and your guards warmly, if a little embarrassingly, given the meagre state she lives in.;Heureusement, les paysans que j'ai rencontrés m'ont beaucoup aidé, et j'ai pu trouver rapidement l'orpheline, qui vivait dans une petite cabane à la lisière d'un petit village. Elle est choquée de vous voir, mais vous salue chaleureusement, vous et vos gardes, même si c'est un peu gênant, étant donné le maigre état dans lequel elle vit.;;;;;;;;;;;;x
finnish.32.a;Your house is very... um... nice.;Votre maison est très... euh... sympa.;;;;;;;;;;;;x
finnish.33.tooltip;[Root.GetTitledFirstName] talks with the orphan for a bit.;[Root.GetTitledFirstName] parle avec l'orpheline pendant un moment.;;;;;;;;;;;;x
finnish.33.desc;My chat with the orphan goes by pleasantly. Suddenly, she says, beaming, “You’ve been so kind to me. You remind me of my father, who was a very kind man, though I don’t remember much about him.” At that moment, an indescribable, uncontrollable emotion overwhelms me, though I manage to hide it.;Ma conversation avec l'orpheline passe agréablement. Tout à coup, dit-elle, rayonnante, "Vous avez  été si gentil avec moi. Vous me rappelez mon père, qui était un homme très gentil, bien que je ne me souvienne pas beaucoup de lui." A ce moment-là, une émotion indescriptible et incontrôlable me submerge, bien que je parvienne à la cacher.;;;;;;;;;;;;x
finnish.33.a;This child can’t live by herself like this!;Cette enfant ne peut pas vivre toute seule comme ça !;;;;;;;;;;;;x
finnish.34.tooltip;Perhaps I should adopt her!;Je devrais peut-être l'adopter !;;;;;;;;;;;;x
finnish.34.desc;My heart is set. If this orphan were a boy, I might not be able to do this without some political consequences, but I think I’ll adopt her. She’s kind and clever, and doesn’t deserve to live alone and impoverished like this. Being so sharp, she’ll easily learn how to act like a proper daughter of a [Root.GetTitle].;Mon cœur bat la chamade. Si cet orpheline était un garçon, je ne pourrais peut-être pas le faire sans conséquences politiques, mais je pense que je l'adopterai. Elle est gentille et intelligente, elle ne mérite pas de vivre seule et appauvrie comme ça. Etant si pointue, elle apprendra facilement à se comporter comme une fille d'un [Root.GetTitle].;;;;;;;;;;;;x
finnish.34.a;I tell her, “You won’t have to live like this much longer...”;Je lui dis : "Tu n'auras plus à vivre comme ça longtemps...";;;;;;;;;;;;x
hold_bear_hunt;Hold a Bear Hunt;Tenir une Chasse à l'Ours;;;;;;;;;;;;x
hold_bear_hunt_desc;Hold a hunt for a great Bear and the subsequent Karhunpeijaiset feast;Tenir une chasse pour un grand ours et ensuite le festin de Karhunpeijaiset;;;;;;;;;;;;x
make_offerings_to_haltija;Make Offerings to the Haltija;Offrir des offrandes aux Haltija;;;;;;;;;;;;x
make_offerings_to_haltija_desc;Make offerings to the Haltija of the realm in order to improve your relationship with them;Offrez des offrandes aux Haltija du royaume afin d'améliorer votre relation avec eux.;;;;;;;;;;;;x
sxxxxxxxxxxxx;xxxxx;xxxxx;;;;;;;;;;;;x
