#Religious stuff NOT used;;;;;;;;;;;;x
#;;;;;;;;;;;;x
# Unused;;;;;;;;;;;;x
#;;;;;;;;;;;;x
GOD_FIRE;Fire;Feu;;;;;;;;;;x
GOD_LIGHTNING;Lightning;Éclair;;;;;;;;;;x
GOD_SKY;Sky;Ciel;;;;;;;;;;x
GOD_EARTH;The Earth;La Terre;;;;;;;;;;x
THE_MYSTERIES;The Mysteries;Les mystères;;;;;;;;;;x
d_mahdi;The Mahdi Calipate;Le Califat Mahdi;;;;;;;;;;x
d_mahdi_adj;Caliphal;Califal;;;;;;;;;;x
SNAKE_KING;Snake King;Roi serpent;;;;;;;;;;x
SNAKE_QUEEN;Snake Queen;Reine serpent;;;;;;;;;;x
bahai;Bahá'í;bahá'í;;;;;;;;;;x
bahai_DESC;The Bahá'í Faith is a monotheistic religion emphasizing the spiritual unity of all humankind. Three core principles establish a basis for Bahá'í teachings and doctrine: the unity of God, that there is only one God who is the source of all creation the unity of religion, that all major religions have the same spiritual source and come from the same God and the unity of humanity, that all humans have been created equal, and that diversity of race and culture are seen as worthy of appreciation and acceptance. According to the Bahá'í Faith's teachings the human purpose is to learn to know and love God through such methods as prayer, reflection, and being of service to humanity.;La foi Bahá'í est une religion monothéiste qui met l'accent sur l'unité spirituelle de toute l'humanité. Trois principes fondamentaux établissent la base des enseignements et de la doctrine Bahá'í : l'unité de Dieu, qu'il n'y a qu'un seul Dieu qui est la source de toute la création, l'unité de la religion, que toutes les grandes religions ont la même source spirituelle et proviennent du même Dieu et de l'unité de l'humanité, que tous les humains ont été créés égaux, et que la diversité des races et des cultures sont considérées comme dignes d'appréciation et d'acceptation. Selon les enseignements de la foi Bahá'í, le but humain est d'apprendre à connaître et à aimer Dieu par des méthodes telles que la prière, la réflexion et le service à l'humanité.;;;;;;;;;;x
bahaullah;Bahá'u'lláh;bahá'u'lláh;;;;;;;;;;x
bahaullah_DESC;Bahá'u'lláh is the faith of the Bahais who deny the absolute power of the god and instead place reverence in the power of the people over the single god.;Bahá'u'lláh est la foi des bahaïs qui nient le pouvoir absolu du dieu et placent plutôt le respect dans le pouvoir du peuple sur le dieu unique.;;;;;;;;;;x
BAHAULLAH;Bahá'u'lláh;Bahá'u'lláh;;;;;;;;;;x
babi_group;Babi;Babi;;;;;;;;;;x
temple_baron_bahai;Babi;Babi;;;;;;;;;;x
temple_count_bahai;Babi-Priest;Prêtre-Babi;;;;;;;;;;x
d_bahai;The Bahai Church;L'Église Bahai;;;;;;;;;;x
d_bahai_adj;Bahá'í;Bahá'í;;;;;;;;;;x
temple_duke_bahai;Bahjí Seer;Devin Bahjí;;;;;;;;;;x
temple_duchy_of_bahai;Bahjí Mansion-State of;État-Manoir Bahjí de;;;;;;;;;;x
mandaic_group;Mandaic;mandéen;;;;;;;;;;x
mandaic;Mandaic;mandéen;;;;;;;;;;x
mandaic_DESC;Mandaeism is a Gnostic religion who revere Seth, Enosh, Shem, Aran and John, but rejecy Abraham, Moses and Jesus. The Mandaic faith is mostly an ethnic culture with with vary few converts outside of their ethnic communities.;Le mandéisme est une religion gnostique qui vénère Seth, Enosh, Sem, Aran et Jean, mais rejette Abraham, Moïse et Jésus. La foi Mandéen est principalement une culture ethnique avec peu de convertis en dehors de leurs communautés ethniques.;;;;;;;;;;x
temple_baron_mandaic;Tamiduta;Tamiduta;;;;;;;;;;x
job_spiritual_bahai;Court Babi;Babi de la cour;;;;;;;;;;x
ARCHBABI;Arch-Babi;Arch-Babi;;;;;;;;;;x
temple_count_mandaic;Ganzibria;Ganzibria;;;;;;;;;;x
temple_duke_mandaic;Nazorenes;Nazorenes;;;;;;;;;;x
job_spiritual_mandaic;Tamidia;Tamidia;;;;;;;;;;x
mughtasila;Mughtasila;mughtasila;;;;;;;;;;x
mughtasila_DESC;A off-shoot sectof Mandaeism, believing in self-baptisms and denied the power of the Risamma.;Une secte du Mandéisme, croyant en l'auto-baptême et niant le pouvoir du Risamma.;;;;;;;;;;x
temple_county_of_bahai;Babi Temple-Complex of;Complexe-Temple Babi de;;;;;;;;;;x
azali;Azali;azali;;;;;;;;;;x
azali_DESC;Azali, or Azali Bábí is a monotheistic religion and the name of a follower of Subh-i-Azal and the Báb. Early followers of the Báb were known as Bábís, however in the 1860s a split occurred after which the vast majority of Bábís followed Mirza Husayn `Ali, known as Bahá'u'lláh, and became known as Bahá'ís, while the minority who followed Subh-i-Azal came to be called Azalis.;Azali, ou Azali Bábí est une religion monothéiste et le nom d'un adepte de Subh-i-Azal et du Bábí. Les premiers disciples des Bábís étaient connus sous le nom de Bábís, mais dans les années 1860, une scission s'est produite après quoi la grande majorité des Bábís ont suivi Mirza Husayn `Ali, connu sous le nom de Bahá'u'lláh, et sont devenus bahá'ís, tandis que la minorité qui a suivi Subh-i-Azal est devenue Azalis.;;;;;;;;;;x
JOHN_THE_BAPTIST;John the Baptist;Jean le Baptiste;;;;;;;;;;x
RUHDA_D_QUDSHA;Ruhda D-Qudsha;Ruhda D-Qudsha;;;;;;;;;;x
EBIONITES_RABI;True Rabi;Véritable Rabi;;;;;;;;;;x
d_adoptianism;Adoptionist Patriarchy;Patriarcat Adoptianiste;;;;;;;;;;x
GOD_BENDIS;Bendis;Bendis;;;;;;;;;;x
delorian_group;Delorian;delorien;;;;;;;;;;x
delorian;Delorian;delorien;;;;;;;;;;x
delorian_DESC;Delorianism is an ancient and holy faith, dating back to the war of 1997. Composed of obscure tenants, nobody really knows what this faith is all about.;Le Delorianisme est une foi ancienne et sainte, remontant à la guerre de 1997. Composé de locataires obscurs, personne ne sait vraiment de quoi il s'agit.;;;;;;;;;;x
POOBAH;Poobah;Poobah;;;;;;;;;;x
TWINBROSPECT;Twinbrospect;Double-Brospect;;;;;;;;;;x
GOD_DELORIUS;Delorius;Delorius;;;;;;;;;;x
GOD_OMNIPATER;The Omnipater;L'Omnipater;;;;;;;;;;x
GOD_LUXIMATER;The Luximater;Le Luximater;;;;;;;;;;x
GOD_THE_FROGMEN;The Frogmen of Wasketville Court;Les hommes-grenouilles de la cour de Wasketville;;;;;;;;;;x
GOD_CONNOR_ANDREW_DAY;Connor Andrew Day;Journée Connor Andrew;;;;;;;;;;x
banditism;Banditism;banditisme;;;;;;;;;;x
banditism_DESC;The highly heretical Bandit sect claims that the almighty Delorius is not an unicorn, but instead a regular horse named Bandit. Definitely an Athiest sect, thanks Communist Obama!;La secte Bandit, très hérétique, prétend que le tout-puissant Delorius n'est pas une licorne, mais plutôt un cheval ordinaire nommé Bandit. Définitivement une secte des plus athées, merci à Obama le communiste !;;;;;;;;;;x
THE_GREAT_LIE;The Great Lie;Le grand mensonge;;;;;;;;;;x
GOD_KHAMIS;Khamis;Khamis;;;;;;;;;;x
GOD_CELLOS;Cellos;Cellos;;;;;;;;;;x
GOD_VIOLINS;Violins;Violins;;;;;;;;;;x
GOD_THE_GREAT_LOSERFEST;The Great Loserfest;La Grande Fête des perdants;;;;;;;;;;x
nixnechodie;Nixnechodie;nixnechodie;;;;;;;;;;x
nixnechodie_DESC;This Satanic cult of evil believes snow days are evil!;Ce culte satanique du mal croit que les jours de neige sont mauvais !;;;;;;;;;;x
khamistran;Khamistran;khamistran;;;;;;;;;;x
khamistran_DESC;The Khamistran heretics believe the great tyrant queen, Khamis, is a holy deity It is believed they also probably worship Satan.;Les hérétiques de Khamistran croient que la grande reine tyran, Khamis, est une divinité sainte On croit qu'ils adorent probablement aussi Satan.;;;;;;;;;;x
slavic_heretic_pagan;Volkklan;volkklan;;;;;;;;;;x
slavic_heretic_pagan_DESC;The wolf clan is a highly heretical Slavic sect that holds that the Vucari, or wolf-men, are the sacred link between men and the gods.;Le clan du loup est une secte slave hautement hérétique qui considère que les Vucari, ou hommes-loups, sont le lien sacré entre les hommes et les dieux.;;;;;;;;;;x
slavic_heresy_pagan;Wanderer;vagabond;;;;;;;;;;x
slavic_heresy_pagan_DESC;The Wandering sons, or Bluzhdayasynovey, are a sect that believes in total poverty, with the priests being simple wanderers. There is not true concept of Priest in the culture, for any man who feels impassioned by the gods may preach. They were declared heretical by the Slavic Church for adherents using churches as manors.;Les fils errants, ou Bluzhdayasynovey, sont une secte qui croit en la pauvreté totale, les prêtres étant de simples vagabonds. Il n'y a pas de véritable concept de prêtre dans la culture, car tout homme qui se sent passionné par les dieux peut prêcher. Ils ont été déclarés hérétiques par l'Église slave pour les adhérents utilisant les églises comme manoirs.;;;;;;;;;;x
slavic_infidel_pagan;Poroki;poroki;;;;;;;;;;x
slavic_infidel_pagan_DESC;The Poroki are a prophetic sect, with heavy importance being placed on the priests.;Les Poroki sont une secte prophétique, avec une grande importance accordée aux prêtres.;;;;;;;;;;x
slavic_lollard_pagan;Synov'yabunta;synov'yabunta;;;;;;;;;;x
slavic_lollard_pagan_DESC;The Synov'yabunta are a Slavic sect violently opposed to the Organization of the Slavic church. Unlike the Old believers, the Sons of Rebellion do adhere to a reformed belief structure, yet they feel the High Priest is too much similar to the dreaded Christian Popes.;Les Synov'yabunta sont une secte slave violemment opposée à l'Organisation de l'Eglise slave. Contrairement aux anciens croyants, les Fils de la Rébellion adhèrent à une structure de croyance réformée, mais ils pensent que le Grand Prêtre est trop semblable aux redoutables Papes chrétiens.;;;;;;;;;;x
bestial;Bestial;bestial;;;;;;;;;;x
bestial_DESC;The worship of animals is an ancient religion, dating back to the earliest hunter-gather societies. Quite unlike its early beginnings it is fairly organized with the high-hunter of the tribe leading them in all manners of the hunt. Bestials rarely stay in one play, following wherever the hunt leads them.;Le culte des animaux est une religion ancienne, qui remonte aux premières sociétés de chasseurs-cueilleurs. Tout à fait à la différence de ses débuts, il est assez bien organisé avec le chasseur de la tribu qui les dirige de toutes les manières de la chasse. Les bestiaux restent rarement dans un seul terrain de jeu, suivant partout où la chasse les mène.;;;;;;;;;;x
spiritual;Spiritual;spirituel;;;;;;;;;;x
spiritual_DESC;Spiritualism is a very basic faith, teaching that enlightenment is in the hands of the individual, emphasis on meditation or brooding an advised and each individual's religious experience differs from the rest.;Le spiritisme est une foi très fondamentale, l'enseignement que l'illumination est entre les mains de l'individu, l'accent sur la méditation ou la rumination d'un conseillé et l'expérience religieuse de chaque individu diffère du reste.;;;;;;;;;;x
trophonius_pagan;Trophonius;trophonius;;;;;;;;;;x
trophonius_pagan_DESC;The Trophonius cult worshiped the Trophonius, or the Jupiter of the Earth, as head of the gods with a pantheon of 7 gods. The primary rite would include a follower consulting a who oracle would live in a designated house for a period of days, bathing in the river Herkyna and living on sacrificial meat. He would then sacrifice, by day, to a series of gods, including Cronus, Apollo, Zeus the king, Hera the Charioteer, and Demeter-Europa. At night, he would cast a black victim into a pit sacred to Agamedes, drink from two rivers called Lethe and Mnemosyne, and then descend into a cave. Here, most consultees were frightened out of their wits, and forgot the experience entirely upon coming up. Afterward, the consultee would be seated upon a chair of Mnemosyne, where the priests of the shrine would record his ravings and compose an oracle out of them.;Le culte de Trophonius vénérait le Trophonius, ou Jupiter de la Terre, comme tête des dieux avec un panthéon de 7 dieux. Le rite primaire inclurait un suiveur consultant un oracle qui vivrait dans une maison désignée pour une période de quelques jours, se baignant dans la rivière Herkyna et vivant de viande sacrificielle. Il sacrifierait ensuite, le jour, à une série de dieux, dont Cronus, Apollon, Zeus le roi, Héra le Charioteer et Déméter-Europa. La nuit, il jetait une victime noire dans une fosse sacrée pour Agamedes, buvait dans deux rivières appelées Lethe et Mnemosyne, puis descendait dans une grotte. Ici, la plupart des personnes consultées ont été effrayées et ont complètement oublié l'expérience en arrivant. Par la suite, le consulté serait assis sur une chaise de Mnemosyne, où les prêtres du sanctuaire enregistreraient ses délires et composeraient un oracle à partir d'eux.;;;;;;;;;;x
GOD_VINE_GIVE;The Vine Giver;Le Donneur de vigne;;;;;;;;;;x
GOD_DOLPHIN_SHAPER;The Dolphin Shaper;Le façonneur de dauphin;;;;;;;;;;x
lithic_pagan;Monomuva;monomuva;;;;;;;;;;x
lithic_pagan_DESC;The Monomuva heresy was founded in 920 A.D. in response to the increase in christian missionaries. Worshiping only Laima as their main god.;L'hérésie Monomuva a été fondée en 920 après J.C. en réponse à l'augmentation du nombre de missionnaires chrétiens. N'adorant que Laima comme leur dieu principal.;;;;;;;;;;x
bacchan_pagan;Bacchan;bacchanale;;;;;;;;;;x
bacchan_pagan_DESC;Bacchan paganism is perhaps one of the most profane religions in history. Based on wine and women, Bacchan cults brought out the most perverted in both. Hated and loved the jovial Bacchanids have killed many in the drunken madness.;Le paganisme Bacchan est peut-être l'une des religions les plus profanes de l'histoire. Basé sur le vin et les femmes, les cultes Bacchan ont fait ressortir le plus perverti dans les deux. Détestés et aimés, les joyeux Bacchanides ont beaucoup tué dans la folie de l'alcool.;;;;;;;;;;x
temple_baron_bacchan_pagan;Bacchanid;Bacchanide;;;;;;;;;;x
temple_barony_bacchan_pagan;Vinegrove of;Vignoble de;;;;;;;;;;x
d_mithras;The Mithraic Mysteries;Les Mystères Mithraïques;;;;;;;;;;x
d_imperator;The Imperial Cult;Le culte impérial;;;;;;;;;;x
sylvan_pagan_DESC;Sylvan paganism is a form of Hellenism originally formed in northern Greece. Sylvan attest that a return to the deities and rituals of nature is the only path to Elysium. Sylvans reject the traditional Olympians in favor of the spirits of the woods.;Le paganisme Sylvan est une forme d'hellénisme formé à l'origine dans le nord de la Grèce. Sylvan atteste qu'un retour aux divinités et aux rituels de la nature est le seul chemin vers Elysium. Les Sylvans rejettent les Olympiens traditionnels au profit des esprits des bois.;;;;;;;;;;x
sylvan_pagan;Sylvan;sylvain;;;;;;;;;;x
d_sylvan;The Forest Cult;Le culte de la forêt;;;;;;;;;;x
SYLVAN;Sylvan;Sylvan;;;;;;;;;;x
imperator_pagan;Imperator;imperator;;;;;;;;;;x
imperator_pagan_DESC;Imperial paganism is a cult founded by Augustus Caesar holding the divine nature of the Emperors. This form of worship was questioned by many classical Roman priests but it was incredibly successful in the British Isles where it was the main branch of Hellenism.;Le paganisme impérial est un culte fondé par Auguste César qui détient la nature divine des empereurs. Cette forme de culte a été remise en question par de nombreux prêtres romains classiques, mais elle a connu un succès incroyable dans les îles britanniques où elle était la principale branche de l'hellénisme.;;;;;;;;;;x
greek_pagan;Grecian;grec;;;;;;;;;;x
greek_pagan_DESC;Greek paganism is a diverse and varied religion, with a large pantheon of god including the 12 Olympians and a variety of local gods. Unlike the Hellenic version of the faith, Greek paganism is provincial in leadership, with Oracles being the heart of the faith.;Le paganisme grec est une religion diverse et variée, avec un grand panthéon de dieu incluant les 12 Olympiens et une variété de dieux locaux. Contrairement à la version hellénique de la foi, le paganisme grec est provincial en ce qui concerne sa direction,les Oracles étant le cœur de la foi.;;;;;;;;;;x
temple_count_greek_pagan;Oracle;Oracle;;;;;;;;;;x
temple_county_greek_pagan;Oracle of;Oracle de;;;;;;;;;;x
GOD_PAN;Pan;Pan;;;;;;;;;;x
GOD_FLORA;Flora;Flora;;;;;;;;;;x
GOD_GAIA;Gaia;Gaia;;;;;;;;;;x
GOD_CHLORIS;Chloris;Chloris;;;;;;;;;;x
GOD_DEMETER;Demeter;Demeter;;;;;;;;;;x
new_hellenic_pagan;New Hellenic;nouvel hellénique;;;;;;;;;;x
new_hellenic_pagan_DESC;New Hellenism is a reform movement in the Pontifate advocating an anti-clerical Hellenic faith. Reformed Hellenics advocate a return to a simpler time of Hellenism detached from the wealth and greed of the Pontifate.;Le Nouvel hellénique est un mouvement réformateur au sein du Pontificat qui prône une foi hellénique anticléricale. Les hellénistes réformés préconisent un retour à une époque plus simple de l'hellénisme détaché de la richesse et de l'avidité du pontificat.;;;;;;;;;;x
GOD_GENIUS;Genius;Génie;;;;;;;;;;x
GOD_LARES;The Lares;Les Lares;;;;;;;;;;x
GOD_JULIUS;Julius Caesar;Jules César;;;;;;;;;;x
GOD_AUGUSTUS;Emperor Augustus;Empereur Auguste;;;;;;;;;;x
GOD_CLAUDIUS;Emperor Claudius;Empereur Claude;;;;;;;;;;x
GOD_SYLVANUS;Sylvanus;Sylvanus;;;;;;;;;;x
GOD_SYLVANUS_P;Praetor Sylvanus;Praetor Sylvanus;;;;;;;;;;x
GOD_JUNIUS;Emperor Junius;Empereur Junius;;;;;;;;;;x
GOD_NERO;Emperor Nero;Empereur Néron;;;;;;;;;;x
GOD_HARDRIAN;Emperor Hadrian;Empereur Hadrien;;;;;;;;;;x
GOD_ROMULUS;The Glorius Romulus;Le Glorius Romulus;;;;;;;;;;x
GOD_COGIDUBNUS;King Cogidubnus;Roi Cogidubnus;;;;;;;;;;x
GOD_CALIGULA;Caligula;Caligula;;;;;;;;;;x
GOD_EMPEROR;The Divine Emperor;L'Emperor Divin;;;;;;;;;;x
DRAOIDH;Draoidh;Draoidh;;;;;;;;;;x
DRAOIDHESS;Draoidhess;Draoïdesse;;;;;;;;;;x
HEAD_PONTIFF;Pontifex Maximus;Pontifex Maximus;;;;;;;;;;x
HIGH_PATRIATCH;High Patriarch;Haut Patriarche;;;;;;;;;;x
#d_manichean;The Manichean Apostlate;;;;;;;;;;;x
GOD_ZEUS;Zeus;Zeus;;;;;;;;;;x
GOD_CRONUS;Cronus;Cronus;;;;;;;;;;x
GOD_EUROPA;Europa;Europa;;;;;;;;;;x
GOD_LETHE;Lethe;Lethe;;;;;;;;;;x
THE_BULL;Tauroctony;Tauroctony;;;;;;;;;;x
THE_BULL_GOD;The Bull God;Le Dieu Taureau;;;;;;;;;;x
zunism;Zunian;zunien;;;;;;;;;;x
zunism_DESC;The religion os the Zhunbils was the worship of a solar diety known as Zun or Zoon.;La religion des Zhunbils était le culte d'une diète solaire connue sous le nom de Zun ou Zoon.;;;;;;;;;;x
GOD_TROPHONIUS;Trophonius;Trophonius;;;;;;;;;;x
GOD_AGAMEDES;Agamedes;Agamède;;;;;;;;;;x
GOD_PERSEPHONE;Persephone;Perséphone;;;;;;;;;;x
GOD_THE_TITANS;The Titans;Les Tiatns;;;;;;;;;;x
GOD_CYCLOPS;The Cyclopses;Les Cyclopes;;;;;;;;;;x
GOD_FURIES;The Furies;Les Furies;;;;;;;;;;x
GOD_NYX;Nyx;Nyx;;;;;;;;;;x
MOTHER_GODDESS;Mother Goddess;Déesse Mère;;;;;;;;;;x
PROTECTRESS_OF_CITIES;Protectress of Cities;Protectrice des villes;;;;;;;;;;x
THE_MISSTRESS_OF_ANIMALS;The Misstress of Animals;La Mademoiselle des animaux;;;;;;;;;;x
THE_EARTHSHAKER;The Earthshaker;L'ébranleur de terre;;;;;;;;;;x
ariadii;Ariadii;ariadii;;;;;;;;;;x
ariadii_DESC;The religion of the ancient Minoans is unique among its related Mesopotamian faiths in the fact that most all deities are female. The Cults of many of the deities place value on the snake and bull in worship, but no large scale temples were ever created.;La religion des anciens minoens est unique parmi ses religions mésopotamiennes apparentées dans le fait que la plupart des divinités sont des femmes. Les cultes de beaucoup de divinités accordent de la valeur au serpent et au taureau dans le culte, mais aucun temple à grande échelle n'a jamais été créé.;;;;;;;;;;x
kassite_pagan;Bugaš'Uziia;bugaš'Uziia;;;;;;;;;;x
kassite_pagan_DESC;The Kassite faith was a religion participated by the Kassite people until the arrival of Mesopotamianism. Kassites were traditionally a raiding culture since early on and their religion is highly based on war gods.;La foi kassite était une religion à laquelle participait le peuple kassite jusqu'à l'arrivée du mésopotamianisme. Les kassites étaient traditionnellement une culture de raid depuis le début et leur religion est fortement basée sur les dieux de la guerre.;;;;;;;;;;x
d_kassite_pagan_reformed;The Kassite Priesthood;Le Sacerdoce Kassite;;;;;;;;;;x
kassite_pagan_reformed;Bugaš'Uziia;bugaš'Uziia;;;;;;;;;;x
kassite_pagan_reformed_DESC;The Reformed Kassite faith has been heavily influence by the invaded Fertile Crescent. Adding features from these more organized religions, the Kassite faith has adopted many of the festivals and traditions of the Mesopotamian people.;La foi Kassite réformée a été fortement influencée par le Croissant fertile envahi. Ajoutant les caractéristiques de ces religions plus organisées, la foi kassite a adopté de nombreuses fêtes et traditions du peuple mésopotamien.;;;;;;;;;;x
job_spiritual_kassite_pagan;Shaman;Chaman;;;;;;;;;;x
job_spiritual_kassite_pagan;Galzu;Galzu;;;;;;;;;;x
job_spiritual_kassite_pagan_reformed;Shaman;Chaman;;;;;;;;;;x
king_kassite_pagan;Buri;Buri;;;;;;;;;;x
king_kassite;Buri;Buri;;;;;;;;;;x
kingdom_of_kassite;Burili of;Burili de;;;;;;;;;;x
kingdom_of_kassite_pagan;Burili of;Burili de;;;;;;;;;;x
north_african_pagan;Soujannakalkoule;soujannakalkoule;;;;;;;;;;x
north_african_pagan_DESC;North African paganism is a diverse oral tradition, with varieties of myths on the local level. This faith contains very little coherence throughout beliefs and any form of organized hierarchy was never created.;Le paganisme nord-africain est une tradition orale diversifiée, avec des variétés de mythes au niveau local. Cette foi contient très peu de cohérence à travers les croyances et aucune forme de hiérarchie organisée n'a jamais été créée.;;;;;;;;;;x
d_north_african_pagan;The Libyan Shamanship;La chamannerie libyenne;;;;;;;;;;x
north_african_pagan_reformed;Soujannakalkoule;Soujannakalkoule;;;;;;;;;;x
north_african_pagan_reformed_DESC;The reformed North African faith contains an organized Shamanic order, collection of myths, and an edict banning many of the similar local deities;La foi réformée d'Afrique du Nord contient un ordre chamanique organisé, une collection de mythes et un édit interdisant de nombreuses divinités locales similaires.;;;;;;;;;;x
job_spiritual_north_african_pagan_reformed;Shaman;Chaman;;;;;;;;;;x
job_spiritual_north_african_pagan;Shaman;Chaman;;;;;;;;;;x
shebian;Shebian;shebian;;;;;;;;;;x
shebian_DESC;The Shebian religion, though ancient was very similar to that of the Muslims. They, for example, did not marry both a mother and her daughter. They considered marrying two sisters simultaneously to be a most heinous crime. They also censured anyone who married his stepmother, and called him dhaizan. They, ran seven times between Mounts Safa and Marwa, threw rocks and washed. Likewise, they cut off the right hand of a thief. A late Arabic writer wrote of the Sabaeans that they had seven temples dedicated to the seven planets, which they considered as intermediaries employed in their relation to God. Each of these temples had a characteristic geometric shape, a characteristic color, and an image made of one of the seven metals. They had two sects, star and idol worshipers, and the former held their doctrine to come from Hermes Trismegistus through the prophet Adimun.;La religion Shebian, bien qu'ancienne, était très similaire à celle des musulmans. Ils, par exemple, n'ont pas épousé à la fois une mère et sa fille. Ils considéraient le fait d'épouser deux sœurs simultanément comme un crime des plus odieux. Ils censuraient aussi quiconque épousait sa belle-mère et l'appelaient dhaizan. Ils ont couru sept fois entre les monts Safa et Marwa, jeté des pierres et lavé. De même, ils ont coupé la main droite d'un voleur. Un écrivain arabe tardif a écrit des Sabéens qu'ils avaient sept temples dédiés aux sept planètes, qu'ils considéraient comme des intermédiaires employés dans leur relation à Dieu. Chacun de ces temples avait une forme géométrique caractéristique, une couleur caractéristique et une image faite d'un des sept métaux. Ils avaient deux sectes, les adorateurs d'étoiles et d'idoles, et les premiers tenaient leur doctrine pour venir d'Hermès Trismégiste par l'intermédiaire du prophète Adimun.;;;;;;;;;;x
edonnic;Edonnic;édonnique;;;;;;;;;;x
edonnic_DESC;Edonnic Judaism is a sect of the faith created by the kingdom of Edom after their conversion to the Jewish faith. Highly gnostic in nature, Edons claim the the Jewish god Yahweh is an evil diety, and mankind must live their life in avoidance of this vengeful god.;Le judaïsme Édonniqque est une secte de la foi créée par le royaume d'Edom après leur conversion à la foi juive. Hautement gnostique par sa nature, Edons affirme que le dieu juif Yahweh est une diète maléfique, et l'humanité doit vivre sa vie en évitant ce dieu vengeur.;;;;;;;;;;x
d_mesopotamian;The Holy Priesthood;Le Saint-Sacerdoce;;;;;;;;;;x
ashurism;Ashurism;ashurisme;;;;;;;;;;x
ashurim_DESC;Ashurism was the first religion of the Assyrians, it comes from the god Asshur, who was the believed to be the king of all the gods. Ashurism is polytheistic religion very similar to the religion of the Babylonians in that, their main gods were based around nature. they believed a spirit possessed every object in nature. Aside from the king of all the gods, Asshur. The other primary gods are based around nature such as, Anu- the god of heaven, Bel- the god of region inhabited by man, beast and birds, Ea- the god of water, Sin- the moon god, Shamash- the sun god, and Ramman- the god of storms. Many other gods follow these such as the five planet gods and hundreds of lesser gods they would make make offerings to in order to gain blessings.;L'Ashurisme était la première religion des Assyriens, il vient du dieu Asshur, qui était considéré comme le roi de tous les dieux. L'Ashurisme est une religion polythéiste très similaire à la religion des Babyloniens en ce sens que leurs dieux principaux étaient basés sur la nature. Ils croyaient qu'un esprit possédait chaque objet de la nature. A part le roi de tous les dieux, Asshur. Les autres dieux primaires sont basés autour de la nature tels que, Anu- le dieu du ciel, Bel- le dieu de la région habitée par l'homme, la bête et les oiseaux, Ea- le dieu de l'eau, Sin- le dieu de la lune, Shamash- le dieu du soleil, et Ramman- le dieu des tempêtes. Beaucoup d'autres dieux suivent ces derniers tels que les cinq dieux de planète et les centaines de dieux moindres qu'ils faisaient des offrandes pour obtenir des bénédictions.;;;;;;;;;;x
job_treasurer_ashurism;Abarakku;Abarakku;;;;;;;;;;x
job_chancellor_ashurism;Sukallu Rabu;Sukallu Rabu;;;;;;;;;;x
duke_ashurism;Pahutu;Pahutu;;;;;;;;;;x
duchy_of_ashurism;Bel Pahete of;Bel Pahete de;;;;;;;;;;x
count_ashurism;Saniu;Saniu;;;;;;;;;;x
county_of_ashurism;Sanii of;Sanii de;;;;;;;;;;x
job_marshal_ashurism;Turtanu;Turtanu;;;;;;;;;;x
job_spiritual_ashurism;Akil'muhhi;Akil'muhhi;;;;;;;;;;x
title_cupbearer_ashurism;Rab Saqe;Rab Saqe;;;;;;;;;;x
baron_ashurism;Nagir Ekalli;Nagir Ekalli;;;;;;;;;;x
urartu;Urartu;urartu;Urartu;;;;;;;;;x
urartu_DESC;Urartu is a belief heavily influenced by the Kassite and Hittites beliefs.;Urartu est une croyance fortement influencée par les croyances Kassite et Hittites.;;;;;;;;;;x
hattusa;Hattusa;hattusa;;;;;;;;;;x
hattusa_DESC;The Hattusa religion was a vague religion meaning that there are no canonical scriptures, no theological disquisitions or discourses, no aids to private devotion. Some religious documents formed part of the corpus with which young scribes were trained, and have survived. The scribes in the royal administration, some of whose archives survive, were a bureaucracy, organizing and maintaining royal responsibilities in areas that would be considered part of religion today: temple organization, cultic administration, reports of diviners, make up the main body of surviving texts. There are a few images of deities, for the Hittites often worshiped their gods through Huwasi stones, which represented deities and were treated as sacred objects. Gods were often depicted standing on the backs of their respective beasts, or may have been identifiable in their animal form.;La religion Hattusa était une religion vague, ce qui signifie qu'il n'y a pas d'écritures canoniques, pas de discutions ou de discours théologiques, pas d'aides à la dévotion privée. Certains documents religieux faisaient partie du corpus avec lequel les jeunes scribes ont été formés et ont survécu. Les scribes de l'administration royale, dont certaines archives survivent, étaient une bureaucratie, organisant et maintenant des responsabilités royales dans des domaines qui seraient considérés comme faisant partie de la religion aujourd'hui : l'organisation du temple, l'administration du culte, les rapports des devins, constituent le corps principal des textes survivants. Il y a quelques images de divinités, car les Hittites adoraient souvent leurs dieux à travers les pierres Huwasi, qui représentaient des divinités et étaient traitées comme des objets sacrés. Les dieux étaient souvent représentés debout sur le dos de leurs bêtes respectives, ou peuvent avoir été identifiables sous leur forme animale.;;;;;;;;;;x
baali;Baali;Baali;baali;;;;;;;;;x
baali_DESC;Phoenician religion was inspired by the powers and processes of nature. Many of the gods they worshiped, however, were localized and are now known only under their local names. A pantheon was presided over by the father of the gods, but a goddess was the principal figure in the Phoenician pantheon.;La religion phénicienne a été inspirée par les pouvoirs et les processus de la nature. Plusieurs des dieux qu'ils adoraient, cependant, étaient localisés et sont maintenant connus seulement sous leurs noms locaux. Un panthéon était présidé par le père des dieux, mais une déesse était la figure principale du panthéon phénicien.;;;;;;;;;;x
job_treasurer_baali;Mhecib;Mhecib;;;;;;;;;;x
king_baali;Adon;Adon;;;;;;;;;;x
kingdom_of_baali;Adonship of;Prêtrise Adon de;;;;;;;;;;x
city_of_baali;Jbeil;Jbeil;;;;;;;;;;x
iberian_pagan;Fedezaharra;fedezaharra;;;;;;;;;;x
iberian_pagan_DESC;Iberian paganism is a vague religion comprising of the Iberian people before the Celtiberian invasions. Based heavily on nature worship, little is known on this ancient faith.;Le paganisme ibérique est une religion vague comprenant le peuple ibérique avant les invasions celtes. Basé en grande partie sur le culte de la nature, on sait peu de choses sur cette foi ancienne.;;;;;;;;;;x
count_iberian_pagan;Zenbatu;Zenbatu;;;;;;;;;;x
duke_iberian_pagan;Jaurle;Jaurle;;;;;;;;;;x
king_iberian_pagan;Errege;Errege;;;;;;;;;;x
emperor_iberian_pagan;Enperadorea;Enperadorea;;;;;;;;;;x
baron_iberian_pagan;Buruzagi;Buruzagi;;;;;;;;;;x
city_baron_iberian_pagan;Alkate;Alkate;;;;;;;;;;x
temple_baron_iberian_pagan;Apaiza;Apaiza;;;;;;;;;;x
barony_of_iberian_pagan;Gaztelua of;Gaztelua de;;;;;;;;;;x
city_barony_of_iberian_pagan;Herri of;Herri de;;;;;;;;;;x
temple_barony_of_iberian_pagan;Tenplu;Tenplu;;;;;;;;;;x
county_of_iberian_pagan;Eskualdeko of;Eskualdeko de;;;;;;;;;;x
duchy_of_iberian_pagan;Probintzia of;Probintzia de;;;;;;;;;;x
kingdom_of_iberian_pagan;Erresuma of;Erresuma de;;;;;;;;;;x
empire_of_iberian_pagan;Inperio;Inperio;;;;;;;;;;x
job_spiritual_iberian_pagan;Morroi;Morroi;;;;;;;;;;x
naassenes_DESC;The Naassenes were a Gnostic sect from around 100 AD known only through the writings of Hippolytus of Rome. The Naassenes claimed to have been taught their doctrines by Mariamne, a disciple of James the Just. The retention of the Hebrew form shows that their beliefs may represent the earliest stages of Gnosticism. Hippolytus regards them as among the first to be called simply "Gnostics", alleging that they alone have sounded the depths of knowledge.;Les Naassènes étaient une secte gnostique datant d'environ des années 100 après J.-C. connue seulement par les écrits d'Hippolyte de Rome. Les Naassènes ont prétendu avoir été enseignés leurs doctrines par Mariamne, une disciple de Jacques le Juste. La conservation de la forme hébraïque montre que leurs croyances peuvent représenter les premiers stades du gnosticisme. Hippolyte les considère comme étant parmi les premiers à être appelés simplement "gnostiques", alléguant qu'eux seuls ont sonné les profondeurs de la connaissance.;;;;;;;;;;x
naassenes;Naassenes;naassènes;;;;;;;;;;x
boborites_DESC;The Borborites possessed certain sacred books, one called Noria, a Gospel of Eve, Books of Seth, Revelations of Adam, etc. They used both the Old and New Testament, but did not acknowledge the God of the Old Testament as the supreme deity. They taught that there were eight heavens, each under a separate archon. In the seventh reigned Sabaoth, creator of heaven and earth, the God of the Jews, represented by some Borborites under the form of an ass or a hog, hence the Jewish prohibition of swine's flesh. In the eighth heaven reigned Barbelo, the mother of the living, the Father of All, the supreme God, and Christ. They denied that Christ was born of Mary, or had a real body, and also the resurrection of the body. The human soul after death wanders through the seven heavens, until it obtains rest with Barbelo. According to Augustine they taught that the soul was derived from the substance of God, and hence could not be polluted by contact with matter.;Les Borborites possédaient certains livres sacrés, l'un appelé Noria, un évangile d'Eve, des livres de Seth, des révélations d'Adam, etc. Ils ont utilisé l'Ancien et le Nouveau Testament, mais n'ont pas reconnu le Dieu de l'Ancien Testament comme divinité suprême. Ils enseignaient qu'il y avait huit cieux, chacun sous un archon séparé. Dans le septième ciel règne Sabaoth, créateur du ciel et de la terre, le Dieu des Juifs, représenté par quelques Borborites sous la forme d'un âne ou d'un porc, d'où l'interdiction juive de la chair de porc. Dans le huitième ciel régnait Barbelo, la mère des vivants, le Père de tous, le Dieu suprême et le Christ. Ils nient que le Christ est né de Marie, ou qu'il a un corps réel, et aussi la résurrection du corps. L'âme humaine après la mort erre à travers les sept cieux, jusqu'à ce qu'elle obtienne le repos avec Barbelo. Selon Augustin, ils enseignaient que l'âme était dérivée de la substance de Dieu et ne pouvait donc pas être polluée par contact avec la matière.;;;;;;;;;;x
boborites;Boborites;borborites;;;;;;;;;;x
shamanic;Shamanic;chamanique;;;;;;;;;;x
shamanic_DESC;Shamanism is a diverse religion, with a wide range of rituals and customs. All versions of the faith include the shaman, a healer, community leader, and spiritual guide. Shamans are able to communicate with the ancestors of the past and the platns and animals that surround them.;Le Chamanisme est une religion diversifiée, avec un large éventail de rituels et de coutumes. Toutes les versions de la foi comprennent le chaman, un guérisseur, un chef de communauté et un guide spirituel. Les chamans sont capables de communiquer avec les ancêtres du passé et les plateaux et les animaux qui les entourent.;;;;;;;;;;x
faizrakhmanist;Faizrakhmanist;faizrakhmaniste;;;;;;;;;;x
faizrakhmanist_DESC;The Faizrakhmanist movement, known in the media as the "catacomb sect", is a sect of Islam based in Tatarstan in Russia. Adherents describe themselves only as Muammmin ("believers"). The sect is named after its founder, Faizrakhman Sattarov, a Russian Muslim who calls himself a prophet. The sect is considered illegitimate by mainstream Russian Muslim clergy because orthodox Islam holds that there are no prophets after Muhammad.;Le mouvement Faizrakhmaniste, connu dans les médias sous le nom de "secte des catacombes", est une secte de l'islam basée au Tatarstan en Russie. Les adhérents se décrivent eux-mêmes comme Muammmin ("croyants"). La secte porte le nom de son fondateur, Faizrakhman Sattarov, un musulman russe qui se dit prophète. La secte est considérée comme illégitime par le clergé musulman russe car l'islam orthodoxe soutient qu'il n'y a pas de prophètes après Mahomet.;;;;;;;;;;x
tolu-e-islamic;Tolu-e-Islamic;tolu-e-Islamique;;;;;;;;;;x
tolu-e-islamic_DESC;The "Resurgence of Islam" movement that is related to Quranism in doctrine. This faith takes the Quranism view further, believing that the Perev, or followers of the Hadith, are servants of evil.;Le mouvement "Resurgence de l'Islam" qui est lié au Coran dans la doctrine. Cette foi va plus loin dans la vision du Coran, croyant que les Perev, ou disciples du Hadith, sont les serviteurs du mal.;;;;;;;;;;x
yihewani;Yihewani;yihewani;;;;;;;;;;x
yihewani_DESC;Yihewani, or Ikhwan also known as Al Ikhwan al Muslimun, which means Muslim Brotherhood, but not to be confused with the Middle Eastern Muslim Brotherhood is an Islamic sect in China. Its adherents are called Sunnaiti. It is a Hanafi, non-Sufi school of the Sunni tradition. It is also referred to as "new sect" or "Latest sect".;Yihewani, ou Ikhwan aussi connu sous le nom d'Al Ikhwan al Muslimun, ce qui signifie Frères musulmans, mais à ne pas confondre avec les Frères musulmans du Moyen-Orient est une secte islamique en Chine. Ses adhérents sont appelés Sunnaiti. C'est une école hanafi, non soufie de tradition sunnite. Il est également appelé "nouvelle secte" ou "secte la plus récente".;;;;;;;;;;x
böszörmény;Böszörmény;böszörmény;;;;;;;;;;x
böszörmény_DESC;Böszörmény, also Izmaelita or Szerecsen, is a name for the Muslims who lived in the Kingdom of Hungary in the 10-13th centuries. Some of the böszörmény probably joined the federation of the seven Magyar tribes during the 9th century, and later smaller groups of Muslims arrived in the Carpathian Basin. They were engaged in trading but some of them were employed as mercenaries by the kings of Hungary. Their rights were gradually restricted from the 11th century on, and they were persuaded to accept baptism, following the establishment of the Christian Kingdom of Hungary. They disappeared by the end of the 13th century.;Böszörmény, également Izmaelita ou Szerecsen, est un nom pour les musulmans qui ont vécu dans le Royaume de Hongrie aux Xème et XIIIème siècles. Certains des böszörmény ont probablement rejoint la fédération des sept tribus magyar au cours du IXe siècle et, plus tard, de plus petits groupes de musulmans sont arrivés dans le bassin des Carpates. Ils faisaient du commerce, mais certains d'entre eux étaient employés comme mercenaires par les rois de Hongrie. Leurs droits ont été progressivement restreints à partir du XIe siècle et ils ont été persuadés d'accepter le baptême, à la suite de l'établissement du Royaume chrétien de Hongrie. Ils ont disparu à la fin du XIIIème siècle.;;;;;;;;;;x
mesopotamian;Mesopotamian;mésopotamien;;;;;;;;;;x
mesopotamian_DESC;Mesopotamian mythology is a set of stories depicting the activities of Babylonian deities, heroes, and mythological creatures. These stories served many social, political, ceremonial purposes, and at times tried to explain natural phenomena. Chaldean religion was largely centered around civilization. Babylonian mythology was greatly influenced by their Sumerian counterparts, and was written on clay tablets inscribed with the cuneiform script derived from sumerian cuneiform. The myths were usually either written in Sumerian or Akkadian. Some Babylonian texts were even translations into Akkadian from the Sumerian language of earlier texts, though the names of some deities were changed in Babylonian texts. Many Babylonian deities, myths and religious writings are singular to that culture for example, the uniquely Babylonian deity, Marduk, replaced Enlil as the head of the mythological pantheon. The Enûma Eliš, a creation myth epic was an original Babylonian work.;La mythologie mésopotamienne est un ensemble d'histoires décrivant les activités des divinités, des héros et des créatures mythologiques de Babylone. Ces histoires ont servi à de nombreuses fins sociales, politiques, cérémonielles et ont parfois tenté d'expliquer des phénomènes naturels. La religion chaldéenne était largement centrée sur la civilisation. La mythologie babylonienne a été fortement influencée par leurs homologues sumériens, et a été écrite sur des tablettes d'argile portant l'écriture cunéiforme dérivée du sumérien cunéiforme. Les mythes étaient généralement écrits en sumérien ou en akkadien. Certains textes babyloniens étaient même des traductions en akkadien à partir de la langue sumérienne de textes antérieurs, bien que les noms de certaines divinités aient été changés dans les textes babyloniens. Beaucoup de divinités, de mythes et d'écrits religieux babyloniens sont singuliers à cette culture par exemple, la divinité babylonienne unique, Marduk, a remplacé Enlil comme tête du panthéon mythologique. L'Enûma Eliš, une épopée du mythe de la création, était une œuvre originale babylonienne.;;;;;;;;;;x
umbrian_pagan;Umbri'i;umbri'i;;;;;;;;;;x
umbrian_pagan_DESC;During the 6th–4th centuries BC, Umbrian communities constructed rural sanctuaries in which they sacrificed to the gods. Bronze votives shaped as animals or deities were also offered. Umbrian deities include Feronia, Valentia, Minerva Matusia and Clitumnus. The Iguvine Tablets were discovered in 1444 at Gubbio, Italy. Composed during the 2nd or 3rd centuries BC, they describe religious rituals involving animal sacrifice;Aux VIème et IVème siècles avant J.-C., les communautés ombriennes ont construit des sanctuaires ruraux dans lesquels elles sacrifiaient aux dieux. Des votives en bronze en forme d'animaux ou de divinités étaient également offertes. Les divinités ombriennes comprennent Feronia, Valentia, Minerva Matusia et Clitumnus. Les tablettes d'iguine ont été découvertes en 1444 à Gubbio, en Italie. Composés au IIème ou IIIème siècle avant J.-C., ils décrivent des rituels religieux impliquant des sacrifices d'animaux.;;;;;;;;;;x
roman_pagan;Roman;romain;;;;;;;;;;x
roman_pagan_DESC;The Roman faith is a polytheistic religion that was the imperial state religion of the Roman Empire before the baptism of Theodosius I in 480. The Roman pantheon of gods is made up of mirrored versions of the Greek pantheon with gods, gods like Jupiter and Mars having a similar purpose to their Greek counterparts Zeus and Ares respectively. The Roman faith has no religious head or special game mechanics.;La foi romaine est une religion polythéiste qui était la religion impériale de l'Empire romain avant le baptême de Théodose Ier en 480. Le panthéon romain des dieux est composé de versions en miroir du panthéon grec avec des dieux, des dieux comme Jupiter et Mars ayant un but similaire à leurs homologues grecs Zeus et Ares respectivement. La foi romaine n'a pas de chef religieux ou de mécanique de jeu spéciale.;;;;;;;;;;x
roman_pagan;Romanic;romanique;;;;;;;;;;x
roman_pagan_DESC;The Romanic heresy is a deviant branch of the Hellenic church the believes the addition of Greek deities corrupted the original Roman faith. Also anti-clerical in nature, the Roman faith has no religious head or special game mechanics.;L'hérésie romane est une branche déviante de l'église hellénique, qui croit que l'ajout de divinités grecques a corrompu la foi romaine originale. Aussi anticléricale par nature, la foi romaine n'a pas de chef religieux ou de mécanique de jeu spéciale.;;;;;;;;;;x
thracian_pagan;Thracian;thrace;;;;;;;;;;x
thracian_pagan_DESC;Thracian Paganism is an old faith, distinct from Hellenism and Eastern Faiths. Containing a diverse pantheon of gods, the most important was the God Hero, who was the only universal Thracian deity. Thracian faith remained strong in Thrace until the arrival of the cult of Dionysus.;Le paganisme thrace est une vieille foi, distincte de l'hellénisme et des religions orientales. Contenant un panthéon de divers dieux, le plus important était le héros Dieu, qui était la seule divinité thrace universelle. La foi thrace est restée forte en Thrace jusqu'à l'arrivée du culte de Dionysos.;;;;;;;;;;x
thracian_pagan_desc;As far as their religion is concerned, part of the Thracians practiced the so-called Thracian Orphism - a teaching related to the cult of Orpheus and followed by the aristocracy, organized in mysterious male societies. In the roots of Thracian Orphism stood the idea of self-perfection and the system functioned on two levels: aristocratic (doctrinal) and popular (social). The aristocratic level concerned those initiated into the secret knowledge of the teaching, while the popular level was connected with people familiar with the teaching but not initiated in it. Thracian Orphism combined the cult of the Earth and the cult of the Sun, personified by Orpheus and Zalmoxis. According to the cosmological model of Thracian Orphism, the world is structured in a seven or ten-stage cycle.;Pour autant que leur religion est concernée, une partie des Thraces pratiquait le soi-disant orphisme - un enseignement lié au culte d'Orphée et suivi par l'aristocratie, organisé dans les sociétés des hommes mystérieux. Dans les racines de l'orphisme résista à l'idée d'auto-perfection et le système fonctionne à deux niveaux: aristocratiques (doctrinales) et populaire (sociale). Le niveau aristocratique concerna ceux initiés à la connaissance secrète de l'enseignement, tandis que le niveau populaire était relié à des personnes familières avec l'enseignement, mais pas initiées en elle. L'orphisme combina le culte de la Terre et le culte du Soleil, personnifié par Orphée et Zalmoxis. Selon le modèle cosmologique de l'orphisme, le monde est structuré en un cycle de sept ou dix étapes.;;;;;;;;;;x
orphic_pagan;Orphic;orphique;;;;;;;;;;x
orphic_pagan_DESC;The Orphic faith was originally a reform movement in the Dionysus cult, removing many of the wild and profane acts that characterized the cult. The Orphic faith will remain strong in Southern Thrace until the advent of the Dark Ages.;La foi orphique était à l'origine un mouvement de réforme dans le culte de Dionysos, en supprimant un grand nombre des actes sauvages et profanes qui caractérisent le culte. La foi orphique restera forte en Thrace du Sud jusqu'à l'avènement de l'Age Sombre.;;;;;;;;;;x
isiac_pagan;Isiac;isiaque;;;;;;;;;;x
isiac_pagan_DESC;The Isiac faith is the worship of Isis instituted by Emperor Caligula in the later Roman Empire. The Isis cult and its simple rites took hold in the ancient world and the religion of Isis spread throughout the Roman Empire during the formative centuries of Christianity. Wall paintings and objects reveal her pervasive presence at Pompeii, preserved by the eruption of Vesuvius in 79 CE. In Rome, temples were built and obelisks erected in her honour. In Greece, the cult of Isis was introduced to traditional centres of worship in Delos, Delphi, Eleusis and Athens, as well as in northern Greece. Harbours of Isis were to be found on the Arabian Sea and the Black Sea. Inscriptions show followers in Gaul, Spain, Pannonia, Germany, Arabia, Asia Minor, Portugal and many shrines even in Britain.;La foi isiaque est le culte d'Isis institué par l'empereur Caligula dans l'Empire romain tardif. Le culte d'Isis et ses rites simples se sont emparés dans le monde antique et la religion d'Isis se propagent dans tout l'Empire romain au cours des siècles de formation du christianisme. Les peintures et objets muraux révèlent sa présence omniprésente à Pompéi, conservée par l'éruption du Vésuve en 79 AD. A Romedes temples ont été construits et des obélisques érigés en son honneur. En Grèce, le culte d'Isis a été introduit dans les centres traditionnels de culte dans Délos, Delphes, Éleusis et Athènes, ainsi que dans le nord de la Grèce. Des ports d'Isis devait être trouvés sur la mer d'Arabie et la mer Noire. Des inscriptions montrent des adeptes dans la Gaule, l'Espagne, la Pannonie, l'Allemagne, l'Arabie, l'Asie Mineure, le Portugal et de nombreux sanctuaires, même en Grande-Bretagne.;;;;;;;;;;x
#xxxWtWSMS_cultures (3).csv
GOD_BYTHOS;Bythos;Bythos;;;;;;;;x
GOD_EKKLESIA;Ekklêsia;Ecclésia;;;;;;;;x
GOD_SIGE;Sigê;Sigê;;;;;;;;x
GOD_PLEROMA;The Pleroma;Le Plérôme;;;;;;;;x
GOD_HOROS;Horos;Horos;;;;;;;;x
GOD_SAKLAS;Saklas;Saklas;;;;;;;;x
GOD_SAMAEL;Samael;Samaël;;;;;;;;x
GOD_DEMIURE;The Demiurge;Le Démiurge;;;;;;;;x
GOD_NERTHUS;Nerthus;Nerthus;;;;;;;;x
sarnaist;Sarnaist;sarnaiste;;;;;;;;x
sarnaist_DESC;The varied and ancient religion of the tribal populations of Odisha, Sarnaism is predicated on the worship of sacred groves, called Sal, where their chief deity, Dharmesh, or Singbonga resides. Based on a powerful and hereditary priesthood, Sarnaism historically would resist assimilation into the broader Vedic traditions until the beginning of the British Raj.;La religion variée et ancienne des populations tribales d'Odisha, le sarnaisme est fondée sur la vénération des bosquets sacrés, appelés Sal, où réside leur divinité principale, Dharmesh, ou Singbonga. Basé sur un sacerdoce puissant et héréditaire, le sarnaisme résisterait historiquement à l'assimilation dans les traditions védiques plus larges jusqu'au début du Raj britannique.;;;;;;;;x
temple_baron_sarnaist;Pahan;Pahan;;;;;;;;x
temple_barony_of_sarnaist;Sthal of;Sthal de;;;;;;;;x
GOD_DHARMESH;Dharmesh;Dharmesh;;;;;;;;x
GOD_SINGBONGA;Singbonga;Singbonga;;;;;;;;x
GOD_CALAPACHHO_DEVI;Calapachho;Calapachho;;;;;;;;x
GOD_SAL;Sal;Sal;;;;;;;;x
PAHAN;Pahan;Pahan;;;;;;;;x
GOD_THAKUR_DEI;Thakur Dei;Thakur Dei;;;;;;;;x
GOD_BHAGBONGA;Bhagbonga;Bhagbonga;;;;;;;;x
GOD_TILA_BONGA;Tilabonga;Tilabonga;;;;;;;;x
GOD_DURGA;Durga;Durga;;;;;;;;x
GOD_BHAGWATI;Bhagwati;Bhagwati;;;;;;;;x
GOD_LAKSHIMI;Lakshimi;Lakshimi;;;;;;;;x
THE_LIBER_APOLOGETICUS;The Liber Apologeticus;Le Liber Apologeticus;;;;;;;x
